SSC_CODE_2016,P_85ov_DNPCC,P_85ov_UCC_NS,P_85ov_Total,P_Tot_CF_Own_CCO,P_Tot_CF_Oth_CCO,P_Tot_CF_Own_CC_Oth_CC,P_Tot_CF_Total,P_Tot_DNPCC,P_Tot_UCC_NS,P_Tot_Total
SSC40001,234,29,263,1860,839,83,2775,5987,336,9098
SSC40002,102,17,129,902,524,31,1460,11088,1826,14375
SSC40003,0,0,0,0,0,0,0,0,0,0
SSC40004,0,0,0,22,0,0,20,46,0,71
SSC40005,4,0,4,6,4,0,8,30,0,33
SSC40006,24,6,30,296,78,12,387,937,93,1418
SSC40007,35,7,42,245,131,18,394,1104,77,1572
SSC40008,49,3,54,598,332,43,967,1564,140,2668
SSC40009,4,0,8,98,50,8,159,278,30,465
SSC40010,149,25,179,2031,712,121,2866,4415,725,7999
SSC40011,0,0,0,27,14,0,39,79,14,132
SSC40012,21,3,25,273,121,6,402,1092,79,1575
SSC40013,0,3,3,107,38,3,151,157,38,352
SSC40014,0,0,0,18,12,3,34,75,6,118
SSC40015,0,0,0,15,4,0,13,30,7,52
SSC40016,3,0,3,21,9,0,29,57,29,115
SSC40017,0,0,3,45,67,62,176,112,42,333
SSC40018,0,0,0,0,0,0,0,0,3,6
SSC40019,3,0,3,29,11,0,37,130,34,208
SSC40020,0,0,0,0,3,0,3,4,0,5
SSC40021,0,0,0,0,0,0,3,6,3,11
SSC40022,0,0,3,14,16,5,36,103,52,188
SSC40023,3,3,6,41,12,0,46,188,35,273
SSC40024,0,0,0,0,0,0,0,8,0,4
SSC40025,3,0,3,10,3,0,13,15,0,32
SSC40026,15,4,17,1714,390,78,2182,3036,375,5595
SSC40027,0,0,0,12,3,0,16,31,3,46
SSC40028,0,0,0,10,3,0,14,24,0,40
SSC40029,31,3,38,337,167,17,518,1065,112,1697
SSC40030,79,25,108,261,61,3,328,841,98,1271
SSC40031,18,3,24,626,175,25,824,1279,116,2226
SSC40032,0,0,0,5,3,0,5,23,5,35
SSC40033,0,0,0,0,3,0,3,7,0,8
SSC40034,0,0,0,0,0,0,3,10,0,8
SSC40035,0,0,0,8,3,0,11,3,0,14
SSC40036,0,0,0,13,5,0,17,46,4,71
SSC40037,0,0,0,0,0,0,0,3,7,10
SSC40038,59,10,74,103,65,3,172,794,78,1047
SSC40039,0,0,0,16,4,0,17,37,3,54
SSC40040,0,0,3,63,24,3,91,180,14,283
SSC40041,6,0,6,48,23,3,74,166,27,268
SSC40042,4,0,4,23,4,0,34,80,15,119
SSC40043,58,5,62,492,180,5,683,1968,164,2818
SSC40044,0,0,0,33,20,0,61,145,26,232
SSC40045,48,17,61,127,47,0,179,602,63,845
SSC40046,12,0,12,89,42,0,137,256,29,425
SSC40047,0,0,0,3,3,0,8,18,0,31
SSC40048,88,12,102,1478,704,58,2242,5197,227,7663
SSC40049,38,0,41,378,81,6,467,1036,94,1593
SSC40050,13,3,12,82,41,4,123,383,72,583
SSC40051,12,0,10,89,61,0,152,372,16,536
SSC40052,0,0,0,7,0,0,4,17,3,19
SSC40053,0,0,0,29,4,0,32,43,10,85
SSC40054,0,0,3,25,4,0,34,62,18,113
SSC40055,0,0,0,14,6,0,16,23,0,48
SSC40056,3,0,3,13,26,0,38,89,10,141
SSC40057,3,0,3,17,7,0,20,46,3,69
SSC40058,0,0,0,0,0,0,0,0,0,3
SSC40059,0,0,0,0,0,0,3,3,0,12
SSC40060,0,0,0,0,0,0,0,0,0,3
SSC40061,99,20,120,297,140,12,452,1114,125,1684
SSC40062,0,0,0,8,3,0,7,15,3,23
SSC40063,0,0,0,3,0,0,3,4,0,3
SSC40064,4,0,4,5,9,0,9,55,0,72
SSC40065,30,0,34,270,132,19,416,857,77,1346
SSC40066,0,0,0,5,0,0,3,4,6,16
SSC40067,0,0,0,9,4,0,13,42,0,51
SSC40068,0,0,0,3,6,0,6,20,6,39
SSC40069,30,3,42,572,294,24,887,1602,176,2666
SSC40070,0,0,0,23,11,0,35,61,4,94
SSC40071,0,0,0,5,0,0,5,16,0,16
SSC40072,126,16,142,360,151,14,532,1709,234,2467
SSC40073,0,0,0,0,0,0,0,0,0,0
SSC40074,0,0,0,3,0,0,3,0,0,3
SSC40075,0,0,0,3,4,0,11,33,8,51
SSC40076,0,0,3,8,0,0,9,35,7,54
SSC40077,0,0,0,10,3,0,8,11,3,23
SSC40078,3,0,3,58,20,3,76,154,4,241
SSC40079,4,0,4,16,7,0,18,29,4,53
SSC40080,0,0,0,0,0,0,3,29,9,42
SSC40081,15,0,18,87,54,5,145,357,39,539
SSC40082,0,0,0,0,0,0,0,8,0,8
SSC40083,0,0,0,12,4,0,16,31,4,49
SSC40084,65,10,79,446,211,18,672,1334,105,2114
SSC40085,0,0,0,0,0,0,0,0,0,0
SSC40086,7,4,13,180,83,3,267,1288,84,1642
SSC40087,0,0,0,15,4,0,18,42,3,62
SSC40088,157,37,195,741,386,55,1175,2336,198,3714
SSC40089,0,0,0,14,0,0,19,22,4,42
SSC40090,0,0,0,16,8,0,22,31,9,58
SSC40091,147,13,162,365,269,22,650,1482,114,2251
SSC40092,0,0,0,7,0,0,7,14,0,19
SSC40093,0,0,0,0,3,0,3,4,3,5
SSC40094,0,0,0,27,16,3,42,48,3,96
SSC40095,0,0,0,0,3,0,3,9,0,6
SSC40096,115,24,143,589,196,16,800,2185,348,3327
SSC40097,3,0,3,23,17,0,41,66,11,119
SSC40098,0,0,0,3,0,0,10,39,0,52
SSC40099,35,0,40,274,88,16,376,878,72,1326
SSC40100,23,0,23,241,71,3,320,802,87,1211
SSC40101,3,0,3,38,13,3,48,153,18,219
SSC40102,0,0,0,0,0,0,0,3,0,4
SSC40103,0,0,0,11,6,0,21,51,0,69
SSC40104,0,0,0,0,0,0,0,0,0,0
SSC40105,0,0,0,10,3,0,13,41,3,65
SSC40106,0,0,0,5,0,0,7,21,0,25
SSC40107,14,0,15,223,76,11,311,664,68,1046
SSC40108,15,4,25,247,108,4,362,1002,58,1428
SSC40109,29,5,38,312,134,8,459,1054,107,1619
SSC40110,0,0,0,3,0,0,3,33,0,39
SSC40111,0,0,0,0,3,0,5,39,0,44
SSC40112,0,0,0,0,3,0,3,28,3,31
SSC40113,0,0,0,6,5,0,13,28,3,45
SSC40114,0,0,0,5,6,0,14,48,6,66
SSC40115,0,0,0,5,3,0,12,9,9,24
SSC40116,0,0,0,10,5,0,15,23,0,38
SSC40117,123,15,136,703,376,36,1115,2186,189,3488
SSC40118,106,14,116,676,194,27,901,2600,274,3780
SSC40119,34,4,36,1447,422,61,1927,3218,280,5423
SSC40120,0,0,0,74,34,4,108,178,13,306
SSC40121,0,0,0,0,3,0,4,9,8,21
SSC40122,4,3,10,35,20,0,52,173,38,266
SSC40123,0,0,0,19,6,0,24,26,11,59
SSC40124,0,0,0,68,27,0,93,165,20,275
SSC40125,0,0,0,3,0,0,3,24,3,32
SSC40126,0,0,0,0,4,0,7,22,0,31
SSC40127,9,3,6,101,24,16,135,234,16,393
SSC40128,0,0,0,9,0,0,12,31,3,41
SSC40129,0,0,0,0,0,0,0,0,0,0
SSC40130,0,0,0,12,0,0,10,0,0,10
SSC40131,3,0,3,12,21,0,35,179,44,265
SSC40132,0,0,0,0,0,0,0,8,3,6
SSC40133,0,0,0,0,0,0,4,11,0,15
SSC40134,0,0,0,0,0,0,0,5,0,5
SSC40135,12,0,8,34,16,0,49,121,12,177
SSC40136,0,0,0,23,9,3,34,57,7,95
SSC40137,0,0,0,10,3,0,10,21,3,29
SSC40138,34,4,39,73,26,3,101,310,30,440
SSC40139,0,0,0,5,0,0,4,10,0,10
SSC40140,0,0,0,7,0,0,8,6,0,10
SSC40141,3,0,3,13,4,0,14,38,4,49
SSC40142,81,54,142,412,183,11,602,1554,289,2445
SSC40143,0,0,0,5,5,0,12,16,4,32
SSC40144,0,0,0,9,3,0,14,17,3,34
SSC40145,0,0,0,206,58,17,277,409,29,715
SSC40146,8,3,12,83,47,10,137,612,79,835
SSC40147,0,0,0,6,7,0,9,25,0,39
SSC40148,0,0,3,19,9,0,30,75,8,112
SSC40149,0,0,0,4,0,0,4,25,0,28
SSC40150,0,0,0,8,0,0,10,25,9,43
SSC40151,3,0,3,22,15,0,38,111,14,162
SSC40152,0,0,0,5,0,0,5,10,0,14
SSC40153,42,17,51,507,182,18,709,1752,203,2657
SSC40154,0,0,0,0,0,0,4,16,0,23
SSC40155,0,0,0,13,4,0,16,16,0,37
SSC40156,0,0,0,0,0,0,0,4,0,4
SSC40157,0,0,0,11,9,0,17,43,5,65
SSC40158,34,3,37,734,268,32,1036,1635,117,2793
SSC40159,0,0,0,8,0,0,8,17,4,29
SSC40160,169,24,194,504,289,20,812,2111,149,3072
SSC40161,0,0,0,20,0,0,22,19,0,42
SSC40162,0,0,0,16,0,0,19,48,4,69
SSC40163,3,0,3,41,24,0,69,146,23,232
SSC40164,104,31,139,665,220,18,903,2365,202,3473
SSC40165,198,3,201,364,130,10,508,2549,177,3231
SSC40166,0,0,0,8,8,0,16,28,13,62
SSC40167,105,9,116,775,259,19,1050,2775,242,4063
SSC40168,0,0,0,0,0,0,0,4,3,5
SSC40169,0,0,0,0,0,0,0,5,4,7
SSC40170,0,0,0,6,3,0,12,30,0,41
SSC40171,0,0,0,10,0,0,10,26,6,43
SSC40172,3,0,3,37,3,3,44,138,22,201
SSC40173,0,0,0,0,0,0,0,4,0,9
SSC40174,3,0,3,62,22,3,90,223,39,357
SSC40175,0,0,0,9,3,0,17,11,0,31
SSC40176,0,0,3,18,11,0,29,127,15,174
SSC40177,0,0,0,9,0,0,9,11,0,27
SSC40178,5,0,5,22,15,3,40,84,13,144
SSC40179,0,0,0,17,0,0,16,17,3,28
SSC40180,0,0,0,3,4,0,7,16,0,26
SSC40181,4,3,11,33,25,0,57,126,17,198
SSC40182,0,0,0,19,6,3,30,64,4,95
SSC40183,0,0,0,3,0,0,3,14,0,21
SSC40184,0,0,0,0,0,0,0,9,0,9
SSC40185,0,0,0,0,0,0,0,12,3,12
SSC40186,0,0,0,13,9,0,18,17,3,38
SSC40187,0,0,0,0,0,0,0,0,0,3
SSC40188,0,0,0,17,7,0,27,57,11,89
SSC40189,0,0,0,0,0,0,3,3,3,6
SSC40190,0,0,0,34,11,5,49,70,14,136
SSC40191,0,0,0,3,0,0,3,0,0,3
SSC40192,68,10,74,532,219,28,785,1463,104,2351
SSC40193,20,3,23,146,69,5,220,613,85,923
SSC40194,0,0,0,0,0,0,0,12,0,12
SSC40195,0,0,0,18,8,5,29,44,5,83
SSC40196,61,3,65,1225,331,54,1607,2825,297,4727
SSC40197,13,3,14,63,26,0,86,217,32,331
SSC40198,0,0,0,13,0,0,17,25,3,41
SSC40199,3,0,3,24,15,0,41,244,231,518
SSC40200,0,0,0,10,4,0,13,21,3,37
SSC40201,0,0,0,0,3,0,3,4,3,9
SSC40202,0,0,0,3,0,0,3,4,6,18
SSC40203,8,0,8,94,38,11,141,307,54,504
SSC40204,0,0,0,11,3,3,11,24,3,37
SSC40205,3,0,3,22,12,0,33,90,5,121
SSC40206,7,0,5,10,0,0,16,67,20,108
SSC40207,0,0,0,3,4,0,5,7,0,10
SSC40208,0,0,0,3,0,0,6,15,3,26
SSC40209,10,7,13,40,19,0,50,177,24,250
SSC40210,93,0,101,436,200,18,652,1953,143,2747
SSC40211,388,44,430,1298,457,25,1782,4552,468,6801
SSC40212,0,0,0,12,0,0,10,21,0,36
SSC40213,0,0,0,25,3,3,31,74,20,118
SSC40214,0,0,0,3,0,0,5,0,0,8
SSC40215,0,0,0,9,3,0,6,19,0,25
SSC40216,0,0,0,0,3,0,9,6,4,16
SSC40217,0,0,0,3,0,0,3,5,0,11
SSC40218,0,0,0,9,4,0,14,29,9,44
SSC40219,0,0,0,3,3,0,9,30,6,45
SSC40220,3,0,3,26,7,0,39,171,26,239
SSC40221,0,0,0,8,0,0,8,15,4,25
SSC40222,0,0,0,3,0,0,3,0,0,3
SSC40223,0,0,0,0,0,0,0,3,0,3
SSC40224,0,0,0,7,3,0,10,11,0,24
SSC40225,4,0,4,58,39,0,98,249,19,365
SSC40226,0,0,0,3,0,0,7,9,0,16
SSC40227,3,0,3,7,6,0,17,41,8,74
SSC40228,14,4,17,30,37,0,73,230,26,329
SSC40229,0,0,3,8,0,0,8,38,7,49
SSC40230,0,0,0,11,5,0,16,50,0,63
SSC40231,0,0,0,3,3,0,8,12,0,17
SSC40232,0,0,3,0,3,0,5,28,4,39
SSC40233,0,0,0,0,3,0,4,27,5,34
SSC40234,0,0,0,4,0,0,4,3,0,7
SSC40235,0,0,0,9,8,0,17,31,4,51
SSC40236,24,18,47,246,128,13,384,855,232,1474
SSC40237,0,0,0,25,3,0,32,66,4,106
SSC40238,4,0,5,27,4,0,26,122,18,163
SSC40239,0,0,0,6,3,0,6,10,9,20
SSC40240,0,0,0,9,6,0,13,17,0,29
SSC40241,4,0,4,131,56,0,188,393,31,607
SSC40242,0,0,0,18,9,3,25,71,0,101
SSC40243,0,0,0,6,0,0,9,9,3,23
SSC40244,0,3,3,101,23,0,131,275,33,435
SSC40245,0,0,0,3,0,0,3,13,0,12
SSC40246,0,0,0,4,0,0,5,8,0,20
SSC40247,44,0,44,310,136,10,450,1301,124,1877
SSC40248,3,0,3,119,56,8,182,280,17,479
SSC40249,5,0,5,20,14,3,33,67,8,111
SSC40250,0,0,0,3,3,0,5,6,0,15
SSC40251,0,0,0,0,0,0,0,5,0,5
SSC40252,0,0,0,0,0,0,0,3,0,5
SSC40253,0,0,0,0,0,0,0,0,0,0
SSC40254,125,19,141,724,311,32,1070,2733,503,4311
SSC40255,108,83,198,735,343,46,1125,2798,589,4514
SSC40256,48,7,55,313,122,11,439,814,51,1312
SSC40257,133,13,151,459,229,14,698,1699,191,2596
SSC40258,44,3,51,464,103,24,583,1177,53,1808
SSC40259,41,3,47,396,151,14,566,1457,98,2116
SSC40260,0,0,0,90,50,4,151,351,25,527
SSC40261,0,0,0,5,0,0,8,11,3,21
SSC40262,0,0,0,3,0,0,3,0,0,10
SSC40263,4,0,4,32,20,3,52,251,18,321
SSC40264,88,13,104,648,207,18,869,1974,210,3049
SSC40265,0,0,0,0,0,0,0,6,0,6
SSC40266,0,0,0,8,3,0,12,28,3,41
SSC40267,43,16,52,131,68,4,200,498,79,779
SSC40268,0,0,0,4,0,0,4,7,0,11
SSC40269,9,0,11,16,13,0,20,208,47,278
SSC40270,0,0,0,0,4,0,7,12,0,22
SSC40271,68,6,72,516,184,15,724,1855,143,2721
SSC40272,11,3,14,45,29,0,79,198,28,307
SSC40273,0,0,0,0,0,0,0,0,0,0
SSC40274,0,0,0,26,8,0,33,18,7,62
SSC40275,3,0,4,141,32,10,178,331,18,531
SSC40276,3,3,3,4,4,0,11,31,11,52
SSC40277,6,0,6,77,29,3,109,384,40,532
SSC40278,0,0,0,10,5,0,15,34,5,53
SSC40279,0,0,0,7,0,0,7,20,5,28
SSC40280,7,0,7,113,57,6,171,421,48,637
SSC40281,0,0,0,10,0,0,10,21,0,30
SSC40282,0,0,0,0,0,0,0,6,0,6
SSC40283,0,0,0,0,3,0,7,0,0,8
SSC40284,34,3,39,212,57,10,270,826,73,1175
SSC40285,35,4,42,677,214,26,920,1603,117,2633
SSC40286,3,0,3,6,4,0,5,21,0,30
SSC40287,0,0,0,7,3,0,9,16,0,24
SSC40288,0,0,0,15,24,0,45,129,36,206
SSC40289,3,0,3,122,41,3,169,348,29,545
SSC40290,0,3,3,12,12,0,26,100,25,152
SSC40291,0,0,0,17,6,3,24,17,4,45
SSC40292,0,0,0,12,10,0,18,17,0,35
SSC40293,7,5,15,181,48,3,230,950,305,1485
SSC40294,4,0,5,28,11,0,41,149,22,209
SSC40295,0,0,0,16,3,0,25,25,4,56
SSC40296,0,0,0,0,0,0,0,4,3,6
SSC40297,3,0,3,46,20,4,68,169,24,261
SSC40298,0,0,0,23,6,0,22,61,8,88
SSC40299,0,0,0,12,0,0,16,34,3,50
SSC40300,0,0,0,4,0,0,3,10,0,11
SSC40301,0,0,0,31,14,3,44,43,3,94
SSC40302,0,0,3,58,24,3,82,176,22,280
SSC40303,0,0,4,12,3,0,16,63,16,91
SSC40304,0,0,0,24,12,0,29,81,6,122
SSC40305,0,0,0,3,5,0,12,32,11,57
SSC40306,0,0,0,5,0,0,4,7,3,16
SSC40307,0,0,0,4,0,0,7,19,3,30
SSC40308,0,0,0,7,7,0,14,41,12,60
SSC40309,0,0,0,15,10,0,24,64,3,87
SSC40310,3,0,3,61,37,0,103,174,20,293
SSC40311,31,3,34,830,323,56,1208,1980,127,3310
SSC40312,0,0,0,11,6,3,14,16,9,38
SSC40313,0,0,0,8,0,0,8,10,0,13
SSC40314,0,0,0,42,11,0,47,73,11,134
SSC40315,74,6,79,203,60,6,268,891,90,1249
SSC40316,28,16,41,131,74,12,212,619,99,932
SSC40317,0,0,0,19,12,4,37,71,12,120
SSC40318,0,0,0,3,0,0,3,32,0,32
SSC40319,26,8,31,355,153,20,530,948,84,1561
SSC40320,6,0,7,262,75,13,347,575,24,952
SSC40321,13,0,13,519,184,12,709,1107,42,1862
SSC40322,152,49,197,1918,746,88,2759,5302,488,8548
SSC40323,4,0,4,31,15,0,45,108,10,163
SSC40324,0,0,0,33,16,3,58,91,7,152
SSC40325,0,0,0,17,3,0,21,73,20,108
SSC40326,13,0,16,199,74,9,283,650,80,1006
SSC40327,166,24,186,499,151,28,679,2440,293,3410
SSC40328,55,4,62,206,130,6,349,796,87,1228
SSC40329,4,0,4,52,32,3,87,251,21,363
SSC40330,0,0,3,18,5,0,26,30,3,64
SSC40331,0,0,0,0,0,0,0,0,0,0
SSC40332,54,10,63,466,173,24,662,1278,82,2019
SSC40333,30,9,44,150,77,8,235,444,79,762
SSC40334,0,0,0,10,3,0,6,7,0,23
SSC40335,0,0,0,10,4,0,16,26,3,46
SSC40336,0,0,0,18,3,0,20,24,4,47
SSC40337,0,0,0,3,3,0,8,0,0,8
SSC40338,6,3,8,53,13,0,67,165,12,247
SSC40339,3,0,3,59,25,0,88,223,25,335
SSC40340,0,0,0,0,3,0,3,9,4,11
SSC40341,0,0,0,0,0,0,0,6,0,10
SSC40342,0,0,0,15,10,3,23,34,7,63
SSC40343,0,0,0,0,0,0,0,4,0,4
SSC40344,0,0,0,0,0,0,0,4,0,7
SSC40345,0,0,0,0,0,0,0,0,0,0
SSC40346,0,0,0,19,3,0,18,40,5,58
SSC40347,21,3,25,209,98,10,310,615,83,1007
SSC40348,0,0,0,9,11,0,24,70,41,129
SSC40349,0,0,0,16,5,0,24,29,4,51
SSC40350,93,11,106,911,327,51,1291,3093,578,4964
SSC40351,153,12,170,466,142,22,630,1433,105,2170
SSC40352,0,0,0,39,16,4,63,141,20,218
SSC40353,0,0,0,3,0,0,3,0,0,3
SSC40354,0,0,0,3,0,0,4,6,8,11
SSC40355,0,0,0,13,0,0,15,12,0,23
SSC40356,0,0,0,3,0,0,3,11,0,12
SSC40357,4,0,4,27,18,0,37,77,12,124
SSC40358,0,0,0,26,10,0,39,44,15,102
SSC40359,64,4,72,641,318,29,991,2020,150,3162
SSC40360,0,0,0,6,0,0,6,12,8,20
SSC40361,14,0,15,110,52,3,167,576,44,788
SSC40362,0,0,0,12,8,0,19,31,12,59
SSC40363,0,0,0,140,38,10,190,264,41,494
SSC40364,0,0,0,14,5,0,15,24,5,45
SSC40365,0,0,0,0,3,0,6,77,3,83
SSC40366,0,0,0,0,0,0,0,0,0,0
SSC40367,51,12,62,431,186,17,633,1557,171,2366
SSC40368,0,0,0,3,3,3,9,25,6,38
SSC40369,6,0,6,27,7,0,37,155,10,199
SSC40370,0,0,0,68,31,6,103,202,18,327
SSC40371,0,3,3,13,11,0,19,46,206,272
SSC40372,0,0,0,3,3,3,10,35,5,48
SSC40373,10,4,17,77,29,0,105,386,45,537
SSC40374,0,0,0,4,0,3,7,7,3,14
SSC40375,17,0,21,328,102,14,443,831,59,1326
SSC40376,0,0,0,7,0,3,17,37,3,60
SSC40377,3,0,3,10,12,0,28,69,7,102
SSC40378,0,0,0,3,3,0,5,8,8,13
SSC40379,0,0,0,27,6,0,32,90,8,128
SSC40380,6,3,4,108,38,7,155,456,53,664
SSC40381,0,0,0,0,3,0,4,9,0,12
SSC40382,0,0,0,3,0,0,3,22,3,26
SSC40383,0,0,0,34,13,0,51,83,6,137
SSC40384,10,0,10,188,73,8,272,581,53,898
SSC40385,55,9,61,456,225,32,704,1642,137,2489
SSC40386,0,0,0,42,18,0,67,210,18,292
SSC40387,3,0,3,25,9,0,29,72,7,108
SSC40388,0,0,0,11,3,0,12,230,36,272
SSC40389,0,0,0,0,0,0,0,0,0,0
SSC40390,14,7,19,49,22,0,70,349,44,455
SSC40391,94,8,102,606,212,13,835,2580,301,3714
SSC40392,0,0,0,25,9,3,32,63,28,123
SSC40393,14,3,23,109,49,8,167,593,90,849
SSC40394,68,21,91,765,317,35,1120,2420,369,3902
SSC40395,182,28,204,591,220,21,836,2375,391,3605
SSC40396,47,13,60,274,115,11,402,1221,271,1890
SSC40397,62,11,70,461,189,17,668,1744,326,2739
SSC40398,82,11,100,543,208,24,778,1920,310,3004
SSC40399,52,14,64,373,129,13,513,1481,293,2288
SSC40400,147,29,177,541,197,20,754,2131,350,3243
SSC40401,7,0,8,72,20,3,91,187,16,298
SSC40402,0,0,0,21,0,0,24,45,4,67
SSC40403,0,0,0,17,3,0,23,67,4,96
SSC40404,0,0,0,13,4,0,13,18,4,32
SSC40405,0,0,0,17,8,0,21,38,5,72
SSC40406,240,46,285,432,340,30,802,3210,352,4361
SSC40407,193,34,232,875,212,23,1103,2981,276,4358
SSC40408,21,0,28,221,105,6,329,613,27,981
SSC40409,0,0,0,7,3,0,16,27,8,45
SSC40410,0,0,0,0,0,0,0,3,0,3
SSC40411,25,4,30,212,107,15,329,809,74,1215
SSC40412,0,0,0,15,4,0,20,28,3,50
SSC40413,28,3,30,94,64,9,168,489,53,708
SSC40414,0,0,0,3,3,0,3,10,0,16
SSC40415,0,0,0,3,0,0,3,7,0,11
SSC40416,33,0,36,265,69,5,336,749,40,1129
SSC40417,47,10,62,346,136,17,492,1184,134,1815
SSC40418,8,0,15,373,128,20,518,795,90,1403
SSC40419,85,32,118,756,295,29,1079,2119,193,3392
SSC40420,0,0,0,50,22,4,74,142,53,268
SSC40421,0,0,0,5,4,0,8,14,8,35
SSC40422,68,16,83,157,41,5,203,649,69,921
SSC40423,12,8,20,150,69,3,227,618,53,894
SSC40424,31,4,32,602,322,31,949,1821,142,2920
SSC40425,0,0,0,6,0,0,6,3,0,9
SSC40426,0,0,0,0,0,0,3,26,3,26
SSC40427,0,0,0,36,10,0,49,122,24,194
SSC40428,136,12,153,302,145,10,453,1427,127,2006
SSC40429,56,6,67,647,174,8,823,2320,242,3388
SSC40430,0,0,0,20,4,4,27,24,10,61
SSC40431,209,23,232,923,317,35,1270,3630,333,5234
SSC40432,3,0,3,49,21,0,67,153,17,243
SSC40433,53,5,57,225,77,11,311,854,50,1215
SSC40434,0,0,0,13,4,0,15,27,0,45
SSC40435,0,0,0,6,0,0,12,38,4,52
SSC40436,3,0,3,7,3,0,16,102,19,133
SSC40437,13,3,20,118,56,10,183,441,45,663
SSC40438,0,0,0,0,0,0,0,3,0,3
SSC40439,151,6,158,1679,859,92,2635,5242,336,8216
SSC40440,0,0,0,29,13,0,41,89,12,137
SSC40441,0,0,0,51,11,0,64,114,25,202
SSC40442,0,0,0,0,0,0,0,0,0,0
SSC40443,130,15,146,823,328,16,1175,2631,192,3993
SSC40444,0,0,0,3,3,0,8,52,35,93
SSC40445,0,0,0,3,0,0,3,7,0,14
SSC40446,0,0,0,15,9,0,23,29,3,57
SSC40447,3,0,3,40,23,0,69,106,18,189
SSC40448,10,3,18,257,89,12,354,722,70,1148
SSC40449,4,0,5,53,25,3,82,222,28,335
SSC40450,0,0,0,3,0,0,3,3,0,10
SSC40451,0,0,0,0,4,0,8,34,0,41
SSC40452,0,0,0,0,0,0,0,6,0,11
SSC40453,0,0,0,9,0,0,13,30,8,45
SSC40454,0,0,0,14,0,0,16,21,0,36
SSC40455,0,0,0,0,0,0,0,4,0,4
SSC40456,0,0,0,11,0,3,18,42,5,64
SSC40457,0,0,0,0,0,0,5,3,0,3
SSC40458,0,0,0,5,0,0,5,8,0,17
SSC40459,0,0,0,0,3,0,3,3,0,6
SSC40460,41,7,44,422,145,24,596,984,114,1694
SSC40461,3,0,4,177,46,0,225,431,49,705
SSC40462,149,31,185,419,204,21,641,1470,147,2257
SSC40463,125,20,152,908,503,20,1438,3561,275,5267
SSC40464,270,14,291,613,268,26,905,2526,171,3607
SSC40465,0,0,0,10,9,0,25,67,9,105
SSC40466,0,0,0,3,0,0,3,9,0,13
SSC40467,0,0,0,0,0,0,0,6,0,9
SSC40468,0,0,0,0,0,0,0,5,0,5
SSC40469,32,4,40,60,39,3,101,403,65,563
SSC40470,6,0,5,154,48,9,208,434,95,740
SSC40471,212,20,229,773,397,28,1201,3013,286,4497
SSC40472,0,0,0,0,0,0,0,0,0,0
SSC40473,0,0,0,27,12,0,33,49,10,91
SSC40474,52,11,62,332,167,6,505,1439,195,2134
SSC40475,18,9,21,122,61,9,189,516,86,797
SSC40476,0,0,0,8,6,3,22,46,3,71
SSC40477,0,0,0,21,11,0,32,98,12,140
SSC40478,9,0,9,95,52,0,142,348,38,530
SSC40479,0,0,0,17,6,0,19,60,7,88
SSC40480,0,0,0,4,0,0,4,7,0,7
SSC40481,0,0,0,3,7,0,13,23,0,32
SSC40482,0,0,0,12,6,0,18,17,0,33
SSC40483,0,0,0,0,0,0,0,4,3,7
SSC40484,0,0,0,0,0,0,0,7,3,9
SSC40485,0,0,0,40,7,0,47,88,36,171
SSC40486,0,0,0,3,7,0,14,20,0,36
SSC40487,22,3,23,156,109,4,270,898,98,1269
SSC40488,0,0,0,4,0,0,5,15,5,21
SSC40489,0,0,0,19,0,0,22,47,3,71
SSC40490,56,14,71,585,206,16,806,1933,197,2930
SSC40491,0,0,0,15,7,3,23,51,8,72
SSC40492,8,0,9,95,49,3,144,415,52,618
SSC40493,46,9,53,478,161,20,653,1675,153,2489
SSC40494,6,0,6,86,45,5,141,400,41,577
SSC40495,97,6,109,303,134,20,460,1102,94,1657
SSC40496,31,0,34,330,165,30,528,979,73,1583
SSC40497,0,0,0,62,30,3,101,179,16,293
SSC40498,4,0,5,127,38,3,166,291,43,505
SSC40499,0,0,0,0,0,0,0,0,0,0
SSC40500,145,17,166,305,215,11,533,2206,331,3071
SSC40501,86,13,99,575,245,16,838,2167,190,3194
SSC40502,129,21,158,891,453,43,1389,3542,440,5372
SSC40503,144,18,167,275,137,6,424,1433,134,1988
SSC40504,268,40,313,863,389,30,1277,2958,238,4470
SSC40505,0,0,3,19,0,0,23,43,6,71
SSC40506,192,30,223,349,131,6,488,1431,150,2066
SSC40507,46,9,59,329,157,15,497,1112,68,1677
SSC40508,3,0,3,46,30,0,75,204,22,302
SSC40509,10,3,11,156,49,8,210,518,69,797
SSC40510,231,21,259,249,108,7,369,1194,95,1659
SSC40511,86,69,159,1668,824,75,2567,5378,470,8420
SSC40512,0,0,0,40,14,0,56,141,23,222
SSC40513,0,0,0,10,4,0,19,19,5,39
SSC40514,0,0,0,0,3,0,3,13,0,14
SSC40515,99,9,111,463,162,29,652,1690,171,2509
SSC40516,204,38,237,171,150,10,328,1579,238,2148
SSC40517,49,15,62,276,169,20,456,1223,122,1803
SSC40518,20,10,31,91,64,4,163,656,87,904
SSC40519,41,5,47,86,62,5,147,647,77,877
SSC40520,0,0,0,9,3,0,10,19,3,30
SSC40521,0,0,3,37,27,0,65,117,20,208
SSC40522,0,0,0,9,0,0,8,13,0,23
SSC40523,0,0,0,8,5,0,17,24,0,39
SSC40524,261,63,323,891,446,27,1370,3323,335,5030
SSC40525,3,0,3,32,9,0,36,79,5,119
SSC40526,0,0,0,14,0,0,16,39,3,54
SSC40527,0,0,0,13,0,0,10,29,3,42
SSC40528,39,11,45,498,156,17,673,1439,176,2283
SSC40529,0,0,0,108,16,8,133,190,11,328
SSC40530,8,0,14,204,66,12,282,513,56,853
SSC40531,0,0,0,4,0,0,3,23,3,35
SSC40532,43,11,57,1709,624,80,2417,4406,288,7109
SSC40533,20,3,23,589,287,19,895,1955,137,2985
SSC40534,4,0,4,15,3,0,16,54,5,72
SSC40535,0,0,0,0,0,0,3,6,0,12
SSC40536,40,6,41,119,57,6,189,463,40,697
SSC40537,0,0,0,12,3,0,18,49,3,76
SSC40538,151,12,157,617,331,32,977,2162,171,3306
SSC40539,44,10,54,453,278,24,760,1936,273,2973
SSC40540,0,0,0,3,0,0,7,14,5,20
SSC40541,37,3,38,41,35,0,75,410,32,520
SSC40542,158,25,190,380,198,14,599,1451,192,2241
SSC40543,0,0,0,34,3,0,36,65,12,112
SSC40544,0,0,0,29,14,0,40,86,30,158
SSC40545,0,0,0,0,0,0,0,19,4,21
SSC40546,0,0,0,0,0,0,0,3,0,3
SSC40547,4,0,4,28,3,0,25,96,7,131
SSC40548,141,7,153,2109,957,83,3148,6629,382,10158
SSC40549,0,0,0,0,0,0,0,0,0,0
SSC40550,0,0,0,11,0,0,9,53,13,75
SSC40551,0,0,0,0,0,0,3,10,5,12
SSC40552,20,12,34,112,44,3,161,335,79,578
SSC40553,0,0,0,0,3,0,4,8,0,14
SSC40554,0,0,0,14,0,0,18,30,7,57
SSC40555,24,3,31,231,63,10,301,814,53,1174
SSC40556,3,0,3,9,5,0,10,30,0,40
SSC40557,0,0,0,4,0,0,4,12,3,12
SSC40558,230,30,266,1901,961,115,2976,5798,409,9183
SSC40559,4,3,7,10,9,0,22,90,7,121
SSC40560,0,0,0,0,0,0,0,3,0,3
SSC40561,3,0,3,77,10,0,92,210,30,329
SSC40562,0,0,0,7,3,0,8,24,0,36
SSC40563,0,0,0,20,14,0,35,85,12,131
SSC40564,0,0,0,9,3,0,13,27,8,49
SSC40565,0,0,0,11,5,0,19,89,3,115
SSC40566,6,0,11,38,20,0,53,178,46,277
SSC40567,0,0,0,22,17,0,34,50,20,103
SSC40568,25,5,32,359,161,10,533,1147,97,1773
SSC40569,40,3,48,646,254,42,938,1571,103,2611
SSC40570,0,0,0,3,7,0,6,35,3,42
SSC40571,0,0,0,5,0,0,5,16,0,22
SSC40572,39,8,52,327,156,24,506,1249,111,1858
SSC40573,34,3,42,373,141,6,521,949,60,1527
SSC40574,30,7,36,158,73,9,243,522,51,822
SSC40575,18,3,27,62,39,0,103,358,24,482
SSC40576,93,6,98,595,210,15,817,2215,141,3175
SSC40577,84,19,104,141,54,11,202,724,71,999
SSC40578,121,10,129,969,435,45,1453,3253,312,5019
SSC40579,41,3,50,434,174,18,630,1419,137,2189
SSC40580,4,0,4,632,170,33,829,1206,63,2103
SSC40581,59,7,64,1108,607,68,1780,3410,209,5402
SSC40582,28,4,38,287,114,15,413,847,63,1327
SSC40583,0,0,0,61,23,0,80,175,19,275
SSC40584,3,0,3,16,12,0,30,44,3,76
SSC40585,18,0,21,789,315,35,1134,2464,161,3761
SSC40586,73,8,85,631,171,10,817,1789,126,2729
SSC40587,40,5,48,41,55,0,98,495,63,663
SSC40588,0,0,0,17,0,0,17,23,3,45
SSC40589,12,0,15,102,42,4,151,533,46,728
SSC40590,0,0,0,0,0,0,0,0,0,0
SSC40591,3,0,3,16,12,0,23,183,15,218
SSC40592,9,3,13,162,125,5,298,826,91,1210
SSC40593,3,3,6,6,12,0,17,46,10,77
SSC40594,3,0,3,79,39,3,119,260,30,404
SSC40595,39,5,52,522,182,20,724,1830,177,2727
SSC40596,0,4,0,3,7,0,12,55,3,74
SSC40597,0,0,0,3,0,0,3,10,0,11
SSC40598,0,0,0,8,0,0,5,25,3,32
SSC40599,0,0,0,27,11,3,36,56,18,117
SSC40600,0,0,0,3,0,0,3,0,0,3
SSC40601,605,59,668,1067,567,47,1686,4715,361,6771
SSC40602,0,0,0,10,0,0,10,16,0,26
SSC40603,0,0,0,3,4,0,6,0,0,6
SSC40604,0,0,0,5,4,0,4,3,0,12
SSC40605,3,0,3,66,51,6,129,261,35,418
SSC40606,255,33,291,372,240,17,631,1798,172,2598
SSC40607,0,0,0,14,5,0,22,63,22,101
SSC40608,0,0,0,0,0,0,0,10,6,12
SSC40609,5,0,5,46,42,0,86,253,22,359
SSC40610,70,7,77,697,266,34,991,1990,190,3167
SSC40611,35,0,35,272,120,3,403,904,73,1377
SSC40612,0,0,0,34,6,0,38,70,7,114
SSC40613,194,23,218,1295,614,43,1948,4978,419,7345
SSC40614,3,3,6,62,29,3,101,198,26,321
SSC40615,0,0,0,17,0,0,12,43,10,61
SSC40616,0,0,0,4,3,0,7,13,0,24
SSC40617,0,0,0,3,0,0,0,3,0,10
SSC40618,4,0,4,54,24,4,81,183,28,288
SSC40619,0,0,0,3,0,0,3,25,8,36
SSC40620,0,0,0,0,0,0,0,0,0,0
SSC40621,0,0,0,9,4,0,16,101,15,128
SSC40622,9,0,9,98,31,3,134,275,24,426
SSC40623,3,0,3,3,4,0,4,8,0,17
SSC40624,0,0,0,0,0,0,0,18,8,31
SSC40625,0,0,0,0,0,0,0,0,0,0
SSC40626,0,0,0,35,30,0,69,96,31,188
SSC40627,0,0,0,13,4,0,15,31,3,48
SSC40628,0,0,0,0,3,0,5,28,12,43
SSC40629,78,13,89,200,96,14,312,910,86,1308
SSC40630,0,0,0,0,0,0,0,0,0,0
SSC40631,3,0,3,0,0,0,0,12,0,15
SSC40632,3,0,3,95,17,0,114,164,25,299
SSC40633,0,0,0,57,31,0,85,130,29,237
SSC40634,0,0,0,14,6,0,19,55,5,81
SSC40635,0,0,0,3,0,0,3,3,0,6
SSC40636,60,0,62,202,77,3,281,652,27,960
SSC40637,0,0,0,0,0,0,0,0,0,0
SSC40638,0,0,0,4,0,0,5,15,0,21
SSC40639,3,0,3,46,9,0,61,125,7,193
SSC40640,104,18,121,366,167,11,543,1604,256,2403
SSC40641,0,0,3,12,7,0,12,25,6,42
SSC40642,0,0,0,0,0,0,0,13,0,20
SSC40643,0,0,0,3,3,0,6,17,0,19
SSC40644,0,0,0,67,25,0,93,275,28,394
SSC40645,3,0,3,53,30,6,88,210,15,313
SSC40646,0,0,0,14,0,0,11,14,0,32
SSC40647,0,0,0,18,21,4,43,7,16,66
SSC40648,0,0,0,7,0,0,7,5,0,15
SSC40649,0,0,0,27,14,0,40,119,27,185
SSC40650,8,3,13,128,71,8,204,514,40,755
SSC40651,0,0,0,17,8,0,28,61,0,90
SSC40652,0,0,0,7,0,0,7,10,0,13
SSC40653,0,0,0,0,0,0,0,6,0,6
SSC40654,6,0,3,165,34,8,208,274,34,518
SSC40655,0,0,0,10,7,0,17,8,0,23
SSC40656,0,0,0,3,3,3,15,13,0,29
SSC40657,0,0,0,3,0,0,3,3,0,3
SSC40658,0,0,0,12,4,0,14,19,4,38
SSC40659,0,0,0,0,3,0,3,4,0,8
SSC40660,49,3,53,419,197,28,646,1576,174,2389
SSC40661,0,3,6,13,6,0,21,53,17,87
SSC40662,0,0,0,5,4,0,4,9,0,10
SSC40663,0,0,0,12,3,0,13,28,3,44
SSC40664,25,12,35,67,46,3,116,268,37,426
SSC40665,0,0,0,3,7,0,11,15,0,21
SSC40666,0,0,0,0,0,0,0,0,0,0
SSC40667,0,0,0,18,3,0,22,26,8,56
SSC40668,42,14,55,196,72,16,287,684,115,1087
SSC40669,0,0,0,3,0,0,3,7,0,13
SSC40670,0,0,0,17,3,0,18,26,8,54
SSC40671,60,8,70,248,98,11,358,1073,106,1538
SSC40672,127,20,148,380,206,13,593,1405,100,2098
SSC40673,46,8,61,431,174,15,619,1378,85,2079
SSC40674,13,4,15,100,70,0,168,860,74,1107
SSC40675,0,0,0,36,11,3,51,157,11,219
SSC40676,0,0,0,20,3,0,22,21,3,47
SSC40677,0,0,0,13,6,0,21,24,0,44
SSC40678,10,3,9,182,86,13,276,582,54,913
SSC40679,3,0,3,120,26,4,153,443,50,639
SSC40680,0,0,0,0,0,0,0,0,0,0
SSC40681,0,0,0,46,26,0,75,153,23,249
SSC40682,0,0,0,6,3,0,12,30,3,44
SSC40683,0,0,0,6,0,0,6,5,8,20
SSC40684,88,17,107,396,281,23,703,2091,153,2943
SSC40685,0,0,0,13,0,0,13,16,9,44
SSC40686,94,5,103,743,190,18,950,3055,480,4484
SSC40687,79,10,85,254,84,8,342,959,102,1410
SSC40688,23,3,30,83,48,4,138,336,41,512
SSC40689,0,0,0,0,0,0,0,7,3,13
SSC40690,59,3,60,66,45,3,109,340,18,471
SSC40691,66,15,83,235,128,12,374,1005,177,1554
SSC40692,0,0,0,7,0,0,12,18,0,30
SSC40693,9,0,5,49,13,0,66,165,28,260
SSC40694,10,0,17,75,67,0,145,281,37,461
SSC40695,46,12,59,182,65,11,257,800,129,1184
SSC40696,63,34,96,376,162,15,556,1218,124,1897
SSC40697,194,23,221,1006,293,21,1319,3530,330,5176
SSC40698,0,0,0,10,0,0,11,19,12,40
SSC40699,0,0,0,0,0,0,0,3,0,4
SSC40700,0,0,0,0,0,0,0,3,0,4
SSC40701,0,0,0,3,0,0,3,6,0,12
SSC40702,0,0,0,47,8,0,53,89,8,157
SSC40703,0,0,0,0,0,0,0,0,0,0
SSC40704,3,0,3,37,16,0,56,88,12,151
SSC40705,0,0,0,21,4,0,27,39,5,74
SSC40706,0,0,0,11,8,0,17,16,8,36
SSC40707,0,0,0,20,11,3,33,16,36,86
SSC40708,0,0,0,3,0,0,3,4,0,3
SSC40709,0,0,0,7,0,0,8,30,0,41
SSC40710,0,0,0,12,4,0,16,22,3,37
SSC40711,0,0,0,0,0,0,0,10,3,11
SSC40712,0,0,0,11,6,0,14,31,0,44
SSC40713,0,0,0,6,7,0,11,42,3,58
SSC40714,0,0,3,32,14,0,46,124,22,188
SSC40715,0,0,0,0,0,0,0,3,0,3
SSC40716,0,0,0,8,5,0,18,41,4,58
SSC40717,0,0,0,0,0,0,0,0,0,3
SSC40718,5,0,7,72,29,3,104,266,67,434
SSC40719,0,0,0,24,18,3,39,112,15,165
SSC40720,0,0,0,4,3,0,6,4,4,16
SSC40721,0,0,0,16,0,0,20,25,7,43
SSC40722,42,6,52,484,113,15,610,1637,109,2355
SSC40723,0,0,0,8,0,0,8,45,3,63
SSC40724,0,0,0,16,0,0,23,26,3,51
SSC40725,0,0,0,24,3,0,31,47,3,81
SSC40726,0,0,0,7,0,0,6,15,4,25
SSC40727,0,0,0,16,0,0,16,13,3,30
SSC40728,0,0,0,0,0,0,0,0,0,0
SSC40729,0,0,0,0,0,0,0,0,0,0
SSC40730,0,0,0,0,0,0,0,6,0,7
SSC40731,0,0,0,3,0,0,3,0,0,4
SSC40732,0,0,0,0,0,0,0,0,0,0
SSC40733,0,0,0,0,0,0,0,0,0,0
SSC40734,0,0,0,0,0,0,0,0,0,0
SSC40735,0,0,0,0,0,0,0,0,0,0
SSC40736,0,0,0,0,0,0,0,0,0,0
SSC40737,3,0,3,3,0,0,9,38,5,46
SSC40738,0,0,0,0,0,0,0,0,0,0
SSC40739,0,0,0,0,0,0,0,9,0,12
SSC40740,24,4,29,116,45,3,172,472,68,708
SSC40741,0,0,0,75,39,3,119,215,16,348
SSC40742,0,0,0,0,0,0,0,3,0,5
SSC40743,179,56,234,604,297,26,927,2320,226,3472
SSC40744,148,20,165,561,221,29,815,2121,148,3085
SSC40745,21,4,20,97,47,4,148,367,41,553
SSC40746,0,0,0,0,0,0,0,14,0,14
SSC40747,0,0,0,9,6,0,12,29,0,43
SSC40748,186,28,212,176,112,4,297,1013,100,1408
SSC40749,0,0,0,17,3,0,27,68,0,93
SSC40750,0,0,0,7,3,0,9,29,11,49
SSC40751,0,0,0,41,10,0,51,90,36,170
SSC40752,0,0,0,5,4,3,10,27,0,34
SSC40753,3,3,4,77,42,3,120,268,22,407
SSC40754,18,0,18,515,198,28,744,1554,175,2470
SSC40755,4,0,4,39,16,0,56,119,9,187
SSC40756,0,0,0,3,4,0,5,3,3,13
SSC40757,0,0,0,0,0,0,0,6,0,6
SSC40758,84,77,164,337,109,7,453,990,201,1646
SSC40759,0,0,0,3,0,0,3,0,0,3
SSC40760,0,0,0,3,3,0,8,19,7,40
SSC40761,0,0,0,51,9,0,57,106,3,169
SSC40762,0,0,0,0,0,0,0,6,0,6
SSC40763,23,3,27,622,200,32,854,1386,105,2341
SSC40764,66,3,70,418,196,21,644,1275,118,2033
SSC40765,0,0,0,21,0,0,23,45,0,71
SSC40766,0,0,0,13,7,3,24,63,7,92
SSC40767,3,0,3,35,25,3,60,135,27,220
SSC40768,235,45,284,890,395,22,1314,3171,259,4736
SSC40769,0,0,0,8,7,0,17,47,6,67
SSC40770,0,0,0,12,4,0,14,22,5,46
SSC40771,4,0,4,54,14,0,76,134,14,218
SSC40772,0,0,0,0,0,0,4,13,3,24
SSC40773,3,0,3,18,7,3,30,66,10,103
SSC40774,3,0,0,100,45,6,152,312,44,509
SSC40775,0,0,0,3,3,0,11,21,3,34
SSC40776,0,0,0,4,3,0,7,9,3,27
SSC40777,0,0,0,7,0,0,7,33,0,38
SSC40778,0,0,0,26,8,0,35,123,6,174
SSC40779,0,0,0,73,31,4,106,244,13,361
SSC40780,0,0,0,26,35,0,57,93,22,174
SSC40781,49,4,54,402,160,9,580,1117,66,1757
SSC40782,148,36,194,621,323,41,983,2505,280,3767
SSC40783,14,0,14,136,56,19,199,394,49,645
SSC40784,18,4,18,90,48,3,136,291,30,457
SSC40785,0,0,5,0,0,0,0,12,13,24
SSC40786,0,0,0,0,0,0,3,12,3,22
SSC40787,19,0,16,308,114,14,435,1019,162,1614
SSC40788,4,0,4,24,26,0,50,134,13,196
SSC40789,4,0,4,39,9,0,50,185,19,249
SSC40790,0,0,0,19,7,0,23,40,5,68
SSC40791,10,0,12,225,98,14,342,689,87,1114
SSC40792,7,0,6,63,49,9,116,290,41,449
SSC40793,0,0,0,31,6,0,37,38,10,88
SSC40794,0,0,0,0,0,0,6,13,0,14
SSC40795,0,0,0,10,7,0,11,38,3,50
SSC40796,0,0,0,0,0,0,0,12,0,12
SSC40797,335,34,371,1431,497,43,1978,5043,357,7379
SSC40798,0,0,0,0,0,0,0,0,0,0
SSC40799,61,12,72,165,83,10,251,711,72,1032
SSC40800,0,0,0,3,0,0,8,5,8,18
SSC40801,0,0,0,8,3,0,17,15,3,29
SSC40802,9,11,18,144,74,3,220,433,68,718
SSC40803,0,0,0,5,0,0,5,14,0,22
SSC40804,0,0,0,0,0,0,0,6,0,6
SSC40805,99,7,108,431,182,15,626,1428,94,2153
SSC40806,0,0,0,3,0,0,4,17,0,21
SSC40807,0,0,0,9,8,0,17,11,3,37
SSC40808,0,0,0,0,0,0,0,4,0,4
SSC40809,0,0,0,12,9,0,16,31,8,59
SSC40810,32,0,31,229,63,5,303,724,36,1065
SSC40811,85,22,105,290,164,20,476,1569,230,2269
SSC40812,3,0,3,20,9,0,28,80,19,125
SSC40813,42,11,52,721,174,16,917,2149,236,3297
SSC40814,0,0,0,3,0,0,3,10,3,19
SSC40815,6,0,6,8,3,0,14,33,9,53
SSC40816,4,0,4,19,6,0,29,51,3,85
SSC40817,0,0,0,13,3,0,15,40,0,55
SSC40818,0,0,0,14,7,0,20,36,4,59
SSC40819,57,10,68,360,150,10,512,1374,101,1986
SSC40820,37,3,38,359,206,16,578,1163,91,1835
SSC40821,246,26,274,530,277,19,824,2383,192,3394
SSC40822,0,0,0,20,5,0,29,94,24,143
SSC40823,0,0,0,0,3,0,7,11,0,20
SSC40824,0,0,0,0,0,0,0,9,0,9
SSC40825,0,0,0,4,0,0,4,58,25,91
SSC40826,41,74,118,229,68,6,307,1079,220,1605
SSC40827,0,0,0,3,0,0,3,0,0,4
SSC40828,4,0,4,23,8,0,26,56,5,87
SSC40829,0,0,0,8,3,0,13,59,11,85
SSC40830,21,3,22,104,35,3,138,326,26,487
SSC40831,0,0,0,4,0,0,4,4,0,5
SSC40832,18,0,19,187,94,6,283,613,68,966
SSC40833,0,0,0,10,3,5,12,49,4,63
SSC40834,0,0,0,0,0,0,0,0,0,0
SSC40835,82,6,93,2539,658,69,3272,6825,567,10662
SSC40836,0,0,0,0,3,0,3,0,0,4
SSC40837,33,3,32,257,96,3,357,824,76,1256
SSC40838,0,0,0,0,0,0,0,10,0,12
SSC40839,0,0,0,3,0,0,3,14,0,15
SSC40840,96,14,115,201,158,9,367,1230,122,1716
SSC40841,3,0,3,3,5,0,9,30,8,43
SSC40842,7,0,7,338,101,22,471,617,58,1148
SSC40843,176,28,202,527,319,13,857,2227,241,3321
SSC40844,10,3,9,243,89,12,344,699,70,1110
SSC40845,19,0,19,191,76,0,266,627,70,966
SSC40846,0,0,0,60,29,0,87,171,14,269
SSC40847,8,4,10,47,20,0,70,180,27,281
SSC40848,109,23,133,375,138,22,541,1124,121,1794
SSC40849,0,0,0,5,0,0,8,10,5,17
SSC40850,0,0,0,3,0,0,3,3,3,9
SSC40851,34,6,46,123,87,6,216,630,84,932
SSC40852,0,0,0,0,0,0,0,13,0,14
SSC40853,0,0,0,3,0,0,3,21,5,30
SSC40854,0,0,0,14,7,3,22,43,7,75
SSC40855,0,0,0,3,3,0,3,7,0,6
SSC40856,0,0,0,0,0,0,7,6,0,9
SSC40857,0,0,0,6,0,0,3,22,4,33
SSC40858,0,0,0,10,5,0,19,22,0,40
SSC40859,0,0,0,17,0,0,20,41,11,66
SSC40860,0,0,0,0,0,0,0,3,5,17
SSC40861,0,0,0,3,0,0,3,0,0,3
SSC40862,17,3,20,191,104,10,304,608,60,964
SSC40863,0,0,0,0,4,0,4,8,8,13
SSC40864,3,0,3,70,24,6,99,142,22,267
SSC40865,13,3,13,99,67,12,182,492,80,752
SSC40866,74,4,74,579,225,28,838,2777,238,3851
SSC40867,0,0,0,0,0,0,0,18,6,17
SSC40868,0,0,0,9,7,0,20,28,0,49
SSC40869,0,0,0,18,12,0,26,62,9,96
SSC40870,115,81,201,681,317,38,1040,2763,436,4236
SSC40871,25,4,30,397,179,22,590,1053,86,1730
SSC40872,0,0,0,19,3,0,25,21,0,41
SSC40873,0,0,0,48,20,0,64,77,41,187
SSC40874,0,0,0,8,0,0,8,19,7,27
SSC40875,0,0,0,0,0,0,0,0,0,0
SSC40876,0,0,0,5,0,0,6,22,3,32
SSC40877,0,0,0,11,0,0,12,46,12,68
SSC40878,0,0,0,23,11,0,30,63,18,107
SSC40879,60,5,65,134,77,7,217,642,70,923
SSC40880,0,0,3,24,3,0,33,97,22,151
SSC40881,0,0,0,24,15,0,38,121,4,165
SSC40882,0,0,0,0,0,0,0,13,0,12
SSC40883,0,0,0,3,7,0,9,31,3,43
SSC40884,111,17,131,267,139,14,419,1036,92,1550
SSC40885,0,0,0,5,6,0,15,28,3,37
SSC40886,121,16,141,774,296,24,1096,3247,323,4663
SSC40887,0,0,0,7,3,0,10,9,3,19
SSC40888,29,3,33,449,217,20,687,1330,145,2160
SSC40889,0,0,0,0,0,0,0,3,0,3
SSC40890,0,0,0,37,12,0,48,113,15,177
SSC40891,123,25,152,822,344,24,1186,2974,268,4424
SSC40892,75,7,83,1125,556,55,1739,3512,237,5482
SSC40893,59,8,71,952,456,45,1452,2914,209,4571
SSC40894,0,0,0,5,0,3,6,3,0,10
SSC40895,0,0,0,37,20,0,50,97,14,164
SSC40896,3,0,3,31,13,0,38,78,15,132
SSC40897,10,3,12,168,81,8,264,615,55,936
SSC40898,0,0,0,24,10,0,39,49,7,96
SSC40899,0,0,0,0,0,0,0,3,0,3
SSC40900,3,0,3,54,25,0,80,141,23,241
SSC40901,0,0,0,7,3,0,10,15,0,24
SSC40902,0,0,0,14,12,0,32,69,11,109
SSC40903,0,0,0,3,0,0,3,3,0,9
SSC40904,0,0,0,4,3,0,8,12,0,17
SSC40905,0,0,0,0,0,0,0,0,0,0
SSC40906,18,10,28,54,32,4,94,395,56,538
SSC40907,40,8,57,282,121,12,418,1428,170,2016
SSC40908,4,0,7,24,10,0,36,129,16,181
SSC40909,13,4,18,132,71,0,205,339,509,1056
SSC40910,0,0,0,8,7,0,10,23,7,43
SSC40911,0,0,0,23,14,0,39,90,15,152
SSC40912,0,0,0,16,16,3,41,99,12,148
SSC40913,0,0,3,16,5,0,27,34,0,61
SSC40914,0,0,0,3,0,0,4,10,0,17
SSC40915,6,3,9,51,21,0,70,339,36,441
SSC40916,0,0,0,6,0,0,6,9,0,10
SSC40917,359,112,481,3582,1829,177,5589,12156,1340,19086
SSC40918,0,0,0,0,0,0,0,0,3,3
SSC40919,228,17,252,379,168,17,567,2027,179,2771
SSC40920,0,0,0,4,3,0,6,4,0,9
SSC40921,0,0,0,3,3,0,6,7,0,15
SSC40922,0,0,0,18,19,0,36,61,5,99
SSC40923,257,45,307,2391,998,134,3520,6757,717,10991
SSC40924,0,0,0,0,0,0,0,4,0,4
SSC40925,0,0,0,19,8,0,28,100,8,139
SSC40926,0,0,0,26,11,0,36,42,0,84
SSC40927,0,0,0,23,9,0,27,56,7,92
SSC40928,0,0,0,17,8,3,24,60,9,91
SSC40929,0,0,0,0,0,0,0,3,0,3
SSC40930,0,3,4,39,27,4,64,191,36,292
SSC40931,0,0,0,3,5,0,13,20,0,32
SSC40932,0,0,0,0,0,0,0,3,0,10
SSC40933,7,3,10,273,128,14,422,639,77,1141
SSC40934,0,0,0,3,0,0,3,4,0,9
SSC40935,0,0,0,19,20,0,31,68,12,110
SSC40936,0,0,0,13,0,0,13,16,0,26
SSC40937,0,0,0,6,0,0,6,0,0,3
SSC40938,0,0,0,0,7,0,5,25,4,39
SSC40939,0,0,0,40,3,0,44,86,59,185
SSC40940,589,93,692,4141,1768,206,6116,12827,1548,20495
SSC40941,4,0,4,37,26,0,69,139,14,225
SSC40942,0,0,0,10,5,0,17,18,0,31
SSC40943,3,0,3,27,8,0,38,80,14,127
SSC40944,0,0,0,0,0,0,0,0,0,0
SSC40945,0,0,0,33,3,3,43,75,3,121
SSC40946,0,0,0,8,4,0,10,28,4,46
SSC40947,0,0,0,0,4,0,4,18,3,25
SSC40948,0,0,0,9,9,0,21,20,5,52
SSC40949,0,0,0,7,0,0,6,42,3,57
SSC40950,0,0,0,3,0,0,3,8,0,12
SSC40951,6,0,6,55,25,4,88,227,14,324
SSC40952,21,11,31,155,66,15,234,549,61,850
SSC40953,0,0,3,54,14,3,74,97,18,184
SSC40954,0,0,0,8,0,0,8,12,3,25
SSC40955,0,0,0,5,0,0,10,17,5,29
SSC40956,6,0,6,105,68,5,181,351,44,573
SSC40957,0,0,0,0,0,0,3,4,0,12
SSC40958,0,0,0,0,0,0,0,14,3,21
SSC40959,0,0,0,14,0,0,12,20,4,35
SSC40960,0,0,0,5,3,0,14,13,35,66
SSC40961,0,0,0,9,4,0,15,22,0,37
SSC40962,0,0,0,42,24,4,71,116,17,201
SSC40963,0,0,0,0,0,0,0,0,0,0
SSC40964,0,0,0,0,0,0,4,20,3,30
SSC40965,0,0,0,0,0,0,0,0,0,5
SSC40966,0,0,3,18,4,0,25,81,6,111
SSC40967,7,0,7,63,45,9,109,233,25,365
SSC40968,0,0,0,11,3,0,22,34,4,59
SSC40969,0,0,0,13,0,0,13,19,15,53
SSC40970,11,3,16,664,210,40,910,1717,199,2829
SSC40971,0,0,3,34,18,0,51,108,21,188
SSC40972,12,0,7,1288,297,60,1647,2187,264,4098
SSC40973,0,0,0,12,9,0,14,59,0,75
SSC40974,0,0,0,19,7,0,22,23,3,50
SSC40975,0,0,0,5,0,0,5,9,0,11
SSC40976,0,0,0,0,4,0,4,31,0,36
SSC40977,0,0,3,4,6,3,18,21,4,43
SSC40978,0,0,0,3,0,0,3,14,0,22
SSC40979,371,63,434,1905,861,105,2879,7851,1298,12028
SSC40980,11,3,14,158,57,9,225,655,62,940
SSC40981,0,0,0,23,8,0,30,63,16,115
SSC40982,0,0,0,26,16,3,47,99,12,155
SSC40983,0,0,0,5,7,0,14,33,3,50
SSC40984,0,0,3,36,10,0,49,82,9,138
SSC40985,0,0,0,0,0,0,3,19,4,20
SSC40986,13,0,16,206,91,13,317,509,66,896
SSC40987,3,3,5,65,43,5,112,239,31,388
SSC40988,6,0,6,144,51,3,203,351,36,591
SSC40989,0,0,0,0,9,0,9,26,4,33
SSC40990,358,70,428,384,179,22,585,1727,177,2490
SSC40991,0,0,0,0,0,0,0,3,0,6
SSC40992,0,0,0,0,0,0,0,3,0,3
SSC40993,0,0,0,0,0,0,0,0,0,0
SSC40994,41,0,46,404,100,17,514,1157,61,1733
SSC40995,0,0,0,5,3,0,10,16,0,21
SSC40996,20,3,26,1056,332,52,1439,2261,222,3920
SSC40997,0,0,0,3,0,0,3,15,0,17
SSC40998,3,0,3,22,18,0,37,107,26,174
SSC40999,0,0,3,83,28,0,109,249,36,396
SSC41000,0,0,0,20,3,0,21,25,0,47
SSC41001,3,0,3,112,42,4,160,319,40,518
SSC41002,138,61,197,866,322,62,1255,3216,383,4854
SSC41003,0,0,0,9,7,0,21,34,8,68
SSC41004,0,0,0,31,15,0,40,91,13,153
SSC41005,0,0,0,3,0,0,4,17,0,23
SSC41006,0,0,0,13,6,0,17,36,4,57
SSC41007,0,0,0,4,0,0,4,9,4,17
SSC41008,0,0,0,26,9,0,37,104,11,149
SSC41009,0,0,0,12,5,0,25,48,0,74
SSC41010,0,0,0,14,0,0,14,28,16,59
SSC41011,0,0,0,22,10,0,28,66,15,113
SSC41012,30,3,34,259,125,4,386,715,49,1155
SSC41013,0,0,0,3,3,0,11,22,0,35
SSC41014,94,9,98,256,113,3,370,1083,78,1527
SSC41015,0,0,0,93,33,5,128,426,48,599
SSC41016,0,0,0,7,5,0,16,45,3,62
SSC41017,9,3,17,199,88,7,292,590,94,970
SSC41018,0,0,0,4,0,0,6,7,3,15
SSC41019,0,0,0,6,6,0,13,19,6,39
SSC41020,79,8,88,748,322,12,1079,2756,183,4016
SSC41021,0,0,0,7,0,0,8,29,0,40
SSC41022,0,0,0,0,0,0,0,0,0,0
SSC41023,4,0,4,16,13,3,29,134,5,169
SSC41024,0,0,0,13,0,0,13,22,4,39
SSC41025,3,0,3,26,12,0,35,130,19,187
SSC41026,37,3,37,605,234,42,875,1988,221,3086
SSC41027,0,0,0,4,7,0,9,28,3,36
SSC41028,25,8,39,171,128,6,314,997,111,1416
SSC41029,218,26,247,538,419,28,988,4824,663,6476
SSC41030,7,0,7,57,28,6,94,327,26,444
SSC41031,0,0,0,7,0,0,6,8,6,23
SSC41032,63,20,88,352,183,17,552,1223,133,1905
SSC41033,0,0,0,0,0,0,0,0,3,6
SSC41034,96,24,121,728,514,21,1265,3321,270,4861
SSC41035,76,4,74,39,27,4,64,383,48,497
SSC41036,177,184,359,413,145,10,562,1833,411,2806
SSC41037,3,3,6,65,30,0,91,191,28,310
SSC41038,0,0,0,0,0,0,0,12,0,13
SSC41039,0,0,0,0,0,0,0,7,4,14
SSC41040,13,0,13,39,16,0,55,160,26,238
SSC41041,68,20,82,695,171,3,876,1924,1099,3894
SSC41042,86,3,95,1286,305,34,1622,3109,221,4957
SSC41043,4,0,4,105,35,3,141,249,25,418
SSC41044,98,32,131,760,378,22,1156,3619,461,5241
SSC41045,0,0,0,0,0,0,0,4,0,4
SSC41046,53,8,65,305,215,22,539,1504,97,2143
SSC41047,0,0,0,8,0,0,7,30,12,50
SSC41048,0,0,0,3,0,0,3,16,0,22
SSC41049,188,33,222,940,451,51,1444,3425,319,5184
SSC41050,0,0,0,8,5,0,10,14,0,28
SSC41051,0,0,0,5,0,0,11,17,4,29
SSC41052,13,5,20,479,239,25,744,1315,107,2170
SSC41053,21,0,18,281,157,12,450,1007,126,1580
SSC41054,12,0,7,107,77,8,195,469,48,711
SSC41055,77,10,88,585,224,16,828,2003,247,3084
SSC41056,0,0,0,3,0,0,3,0,0,3
SSC41057,272,30,300,464,202,17,685,2479,221,3382
SSC41058,4,3,7,67,53,4,125,206,11,335
SSC41059,0,0,0,0,0,0,0,4,0,4
SSC41060,0,0,0,0,0,0,3,3,3,11
SSC41061,17,3,18,254,98,10,370,713,68,1147
SSC41062,86,42,135,602,232,22,853,1772,169,2796
SSC41063,0,0,0,0,0,0,0,0,0,3
SSC41064,0,0,0,0,0,0,0,0,3,6
SSC41065,16,0,17,175,102,3,280,565,64,906
SSC41066,9,3,13,413,249,12,677,1330,92,2092
SSC41067,0,0,0,0,0,0,0,4,0,3
SSC41068,0,0,3,23,13,0,37,87,46,160
SSC41069,33,7,38,86,30,0,117,334,56,507
SSC41070,32,3,35,276,125,12,414,1074,152,1639
SSC41071,44,8,52,369,108,17,497,1407,165,2065
SSC41072,0,0,0,0,3,0,3,9,0,12
SSC41073,0,0,0,11,3,0,9,22,5,42
SSC41074,12,0,12,100,23,3,132,400,48,582
SSC41075,3,0,6,76,49,3,128,240,42,413
SSC41076,3,0,3,58,26,0,76,147,29,250
SSC41077,0,0,0,35,18,0,60,93,20,174
SSC41078,0,0,0,29,16,0,39,86,11,141
SSC41079,0,0,0,5,4,0,17,42,9,64
SSC41080,0,0,0,3,0,0,3,0,0,3
SSC41081,0,0,0,18,5,0,19,31,8,58
SSC41082,3,0,3,26,18,3,51,91,12,157
SSC41083,0,0,0,3,0,0,3,3,0,10
SSC41084,68,7,79,357,197,14,564,1231,130,1929
SSC41085,86,18,104,1087,389,40,1514,3391,342,5248
SSC41086,63,5,64,485,188,23,694,1755,147,2598
SSC41087,37,6,47,444,207,15,664,1609,128,2400
SSC41088,0,0,0,0,0,0,0,20,0,16
SSC41089,3,0,3,68,40,6,121,212,11,344
SSC41090,255,16,275,973,485,26,1483,3975,291,5747
SSC41091,0,0,0,0,0,0,0,105,0,105
SSC41092,180,21,208,2917,1027,82,4032,8675,752,13462
SSC41093,53,9,65,2968,1001,96,4064,8069,691,12821
SSC41094,0,0,0,0,0,0,0,3,0,5
SSC41095,0,0,0,0,0,0,0,0,0,0
SSC41096,0,0,0,7,10,0,21,49,4,67
SSC41097,4,0,4,29,17,0,45,110,27,174
SSC41098,3,0,3,39,3,0,44,104,13,167
SSC41099,12,3,15,139,59,10,211,606,103,917
SSC41100,0,0,0,27,20,0,51,96,10,157
SSC41101,95,16,112,359,171,12,541,1756,190,2481
SSC41102,136,15,159,749,273,33,1059,2703,271,4030
SSC41103,0,0,0,0,0,0,0,3,0,3
SSC41104,5,3,9,25,12,3,41,62,21,122
SSC41105,0,0,0,11,6,0,17,56,13,89
SSC41106,0,0,0,9,0,0,15,23,6,38
SSC41107,187,20,216,378,217,15,615,1798,178,2592
SSC41108,0,0,3,21,6,0,31,94,20,147
SSC41109,0,0,0,7,5,0,12,40,5,54
SSC41110,85,13,101,323,153,7,479,1410,104,2000
SSC41111,62,3,66,252,93,6,353,988,60,1409
SSC41112,0,0,0,24,5,0,31,61,6,90
SSC41113,0,0,0,6,8,0,16,18,9,45
SSC41114,0,0,0,0,4,0,4,24,0,30
SSC41115,0,0,0,3,0,0,5,11,0,15
SSC41116,3,0,3,9,8,0,10,42,5,63
SSC41117,0,0,0,5,9,0,13,43,3,57
SSC41118,0,0,0,10,14,0,16,53,0,76
SSC41119,0,0,0,0,0,0,0,0,0,3
SSC41120,19,0,19,117,46,3,168,487,34,681
SSC41121,4,0,4,44,27,3,75,185,14,275
SSC41122,4,0,4,34,21,3,63,137,30,230
SSC41123,163,15,175,488,177,14,674,2136,234,3045
SSC41124,60,3,63,257,87,14,356,850,93,1306
SSC41125,0,0,0,40,18,3,62,145,33,233
SSC41126,0,0,3,82,32,5,125,216,18,355
SSC41127,0,0,0,25,12,0,38,60,20,113
SSC41128,0,0,0,10,0,0,11,26,0,42
SSC41129,0,0,0,7,0,0,9,34,0,45
SSC41130,35,16,53,143,74,6,219,917,149,1286
SSC41131,21,0,25,166,71,3,240,619,45,907
SSC41132,0,0,0,10,5,0,19,31,5,58
SSC41133,0,0,0,7,3,0,8,12,0,29
SSC41134,0,0,0,4,0,0,8,21,3,26
SSC41135,0,0,0,15,9,0,25,26,5,54
SSC41136,0,0,0,7,11,0,17,55,3,78
SSC41137,3,0,8,63,25,0,94,183,20,296
SSC41138,0,0,0,3,0,0,3,12,0,16
SSC41139,0,0,0,11,5,0,19,28,4,42
SSC41140,0,0,0,3,0,0,3,29,0,36
SSC41141,0,0,0,0,0,0,0,12,0,14
SSC41142,0,0,0,0,0,0,0,0,0,0
SSC41143,0,0,0,3,4,0,7,41,8,57
SSC41144,0,3,3,11,3,0,14,60,5,76
SSC41145,0,0,5,18,14,6,33,41,6,83
SSC41146,0,0,0,14,0,3,19,14,0,34
SSC41147,0,0,0,15,5,0,19,35,0,55
SSC41148,0,0,3,4,3,0,11,54,4,66
SSC41149,26,3,29,100,35,3,143,383,69,591
SSC41150,0,0,0,27,36,22,81,30,31,145
SSC41151,0,0,0,5,9,0,11,25,0,36
SSC41152,0,0,0,5,7,0,13,19,0,29
SSC41153,83,12,96,737,236,13,984,2833,242,4056
SSC41154,92,11,103,508,161,18,686,1891,158,2729
SSC41155,0,0,0,7,3,0,11,8,0,19
SSC41156,0,0,0,5,3,0,5,11,8,20
SSC41157,0,0,0,16,11,0,26,55,12,88
SSC41158,0,0,0,5,8,0,11,41,7,65
SSC41159,0,0,0,5,0,0,4,22,0,25
SSC41160,0,0,0,11,10,0,19,27,4,52
SSC41161,9,7,11,34,26,3,56,223,22,296
SSC41162,0,0,0,3,0,0,3,0,0,3
SSC41163,0,0,0,6,0,0,7,23,0,31
SSC41164,0,0,0,12,0,0,12,15,7,31
SSC41165,0,0,0,13,0,3,15,31,0,50
SSC41166,0,0,0,6,4,0,12,36,14,63
SSC41167,0,0,0,8,0,0,8,29,3,44
SSC41168,0,0,0,5,0,0,12,41,4,53
SSC41169,0,0,0,0,0,0,0,7,0,7
SSC41170,0,0,0,26,10,0,35,68,40,145
SSC41171,91,32,124,1046,465,33,1542,4020,410,5975
SSC41172,0,0,0,3,7,0,9,0,0,8
SSC41173,8,8,16,130,66,4,203,759,111,1078
SSC41174,0,0,0,0,0,0,0,3,0,3
SSC41175,138,26,162,806,440,56,1302,3370,655,5334
SSC41176,47,6,54,597,282,18,896,1977,335,3205
SSC41177,0,0,0,0,0,0,0,9,0,14
SSC41178,62,23,81,105,77,11,191,763,125,1081
SSC41179,0,0,0,0,3,0,4,0,0,7
SSC41180,124,9,130,204,150,16,365,1334,144,1842
SSC41181,0,0,0,9,4,0,18,51,0,67
SSC41182,3,3,5,23,21,0,47,257,39,346
SSC41183,0,0,0,0,0,0,0,10,4,16
SSC41184,8,0,8,59,32,0,92,358,38,488
SSC41185,0,0,0,5,3,0,8,35,0,45
SSC41186,0,0,0,3,0,0,3,50,3,56
SSC41187,341,42,390,2167,988,137,3293,7079,1025,11389
SSC41188,7,9,23,108,73,5,182,438,98,718
SSC41189,6,3,4,32,17,0,48,131,16,199
SSC41190,0,0,0,3,0,0,9,49,3,59
SSC41191,4,0,4,17,18,0,32,137,13,178
SSC41192,44,71,123,406,228,20,648,1490,303,2443
SSC41193,24,3,34,441,236,19,688,1408,161,2253
SSC41194,0,0,0,16,4,0,18,31,10,56
SSC41195,50,4,58,7,7,0,15,153,21,185
SSC41196,75,8,84,563,219,25,803,2132,257,3188
SSC41197,51,11,66,330,167,16,515,1442,222,2179
SSC41198,0,0,0,6,9,0,16,26,8,45
SSC41199,9,3,14,30,15,3,51,233,34,317
SSC41200,22,4,25,42,26,3,69,376,29,476
SSC41201,6,4,10,89,41,6,138,347,29,520
SSC41202,16,5,19,262,119,16,394,844,128,1362
SSC41203,0,0,0,7,0,0,7,0,0,7
SSC41204,3,0,0,13,7,0,21,125,16,170
SSC41205,0,0,0,0,0,0,0,0,0,5
SSC41206,270,35,310,2244,700,93,3041,7341,648,11023
SSC41207,3,0,3,22,21,0,45,67,20,135
SSC41208,0,3,4,96,70,0,165,162,34,365
SSC41209,0,0,0,0,0,0,0,8,0,7
SSC41210,0,0,0,12,3,0,12,27,0,39
SSC41211,0,0,0,3,0,0,6,20,5,28
SSC41212,0,0,0,0,0,0,0,0,0,0
SSC41213,0,0,0,5,3,0,9,26,3,35
SSC41214,3,0,7,23,5,0,35,80,6,120
SSC41215,0,0,0,7,3,0,8,16,0,26
SSC41216,3,0,3,11,11,3,25,27,3,54
SSC41217,0,0,0,3,3,0,5,46,3,55
SSC41218,49,3,63,247,125,3,379,1099,147,1623
SSC41219,0,0,0,3,0,0,3,10,3,15
SSC41220,20,8,34,161,61,3,219,725,98,1051
SSC41221,0,0,0,7,3,0,7,25,0,31
SSC41222,0,0,0,18,9,0,22,113,13,145
SSC41223,0,0,0,21,8,0,25,69,8,108
SSC41224,0,0,0,15,5,0,17,43,10,64
SSC41225,0,0,0,0,0,0,3,13,4,18
SSC41226,0,0,0,12,5,0,23,77,9,105
SSC41227,0,0,0,29,15,0,42,104,8,156
SSC41228,3,0,3,29,13,0,42,77,8,120
SSC41229,35,11,48,968,477,41,1487,2736,196,4416
SSC41230,0,0,0,16,3,0,24,42,0,72
SSC41231,3,0,3,20,13,0,32,75,9,116
SSC41232,24,0,24,0,0,0,0,122,8,134
SSC41233,0,0,0,91,15,3,106,183,13,310
SSC41234,3,0,3,42,10,0,56,97,6,154
SSC41235,176,31,213,594,248,31,875,2591,406,3870
SSC41236,7,0,9,101,35,7,145,328,45,516
SSC41237,3,0,3,49,35,0,84,188,24,295
SSC41238,14,0,10,200,87,8,296,671,99,1068
SSC41239,26,3,34,203,59,3,264,1057,135,1459
SSC41240,59,13,74,849,365,40,1256,2464,186,3902
SSC41241,48,9,64,311,173,15,500,1098,79,1674
SSC41242,3,0,3,20,9,4,23,89,4,118
SSC41243,77,15,92,499,173,17,691,1934,193,2811
SSC41244,161,22,186,599,301,36,931,2250,176,3361
SSC41245,9,3,14,148,49,4,202,714,55,970
SSC41246,138,15,154,520,214,21,749,2183,241,3181
SSC41247,27,11,39,337,154,20,515,1139,125,1776
SSC41248,13,3,16,111,78,6,196,434,46,670
SSC41249,0,0,0,3,4,3,4,10,0,19
SSC41250,50,6,59,110,76,3,190,631,71,885
SSC41251,26,6,40,129,62,4,197,653,102,949
SSC41252,0,4,3,21,19,0,46,155,17,216
SSC41253,0,0,0,0,0,0,0,7,3,8
SSC41254,3,0,6,35,13,3,56,140,26,217
SSC41255,0,0,0,27,13,0,39,75,3,117
SSC41256,0,0,0,10,7,0,14,76,9,105
SSC41257,0,0,0,3,0,0,4,6,0,12
SSC41258,0,0,0,0,0,0,0,0,0,0
SSC41259,0,6,6,0,6,0,6,17,5,30
SSC41260,22,0,19,224,113,7,347,736,60,1145
SSC41261,0,3,3,28,16,0,41,91,17,147
SSC41262,0,0,0,25,10,3,35,71,16,124
SSC41263,56,11,66,463,194,20,680,1879,205,2758
SSC41264,4,3,8,202,53,16,266,462,43,770
SSC41265,49,3,57,220,111,0,341,846,73,1255
SSC41266,251,30,286,1282,512,46,1837,4298,282,6418
SSC41267,0,0,0,20,12,0,30,81,25,138
SSC41268,3,0,3,882,195,44,1128,1434,296,2864
SSC41269,79,5,83,451,178,9,638,1660,201,2501
SSC41270,15,0,17,204,93,11,303,639,35,984
SSC41271,0,0,0,11,3,0,17,41,15,77
SSC41272,0,0,0,0,0,0,3,15,31,50
SSC41273,12,3,12,50,28,3,86,270,45,397
SSC41274,0,0,0,0,0,0,0,4,0,4
SSC41275,222,31,257,1220,431,37,1690,4532,531,6758
SSC41276,70,10,83,941,372,28,1337,3148,315,4796
SSC41277,218,34,261,1353,621,50,2016,4882,482,7379
SSC41278,43,6,50,895,378,40,1307,2665,182,4157
SSC41279,110,20,128,1595,542,54,2190,4995,607,7787
SSC41280,15,6,23,310,156,15,481,1206,127,1815
SSC41281,24,5,30,185,74,16,270,657,76,997
SSC41282,44,4,50,0,0,0,0,94,4,99
SSC41283,0,0,0,3,4,0,10,20,3,26
SSC41284,0,0,0,12,7,0,21,27,0,51
SSC41285,0,0,0,0,4,0,4,7,0,10
SSC41286,0,0,0,22,16,0,42,56,4,102
SSC41287,0,0,0,9,3,0,15,21,10,47
SSC41288,0,0,0,8,0,0,9,50,11,68
SSC41289,0,0,0,18,3,0,23,35,15,66
SSC41290,0,0,0,32,3,0,35,34,3,68
SSC41291,0,0,0,0,0,0,0,25,0,26
SSC41292,0,0,0,60,23,0,84,124,20,219
SSC41293,5,0,5,16,3,0,18,63,9,88
SSC41294,0,0,0,7,3,0,5,22,7,33
SSC41295,0,0,0,6,3,0,7,30,0,40
SSC41296,0,0,0,0,0,0,0,4,0,8
SSC41297,0,0,0,25,16,0,45,115,7,167
SSC41298,39,6,46,329,205,10,548,1001,111,1659
SSC41299,54,3,60,410,190,19,615,1335,105,2056
SSC41300,62,11,73,432,187,12,627,1719,177,2527
SSC41301,29,0,30,257,136,8,398,766,60,1223
SSC41302,170,18,196,711,319,30,1063,2292,279,3636
SSC41303,0,0,0,10,5,0,12,34,3,49
SSC41304,10,0,12,823,209,45,1078,1591,153,2820
SSC41305,93,21,115,1121,432,51,1597,2843,285,4731
SSC41306,0,0,0,3,0,0,3,0,0,3
SSC41307,367,51,422,1396,575,43,2021,6166,578,8765
SSC41308,43,3,53,495,226,30,747,1282,106,2131
SSC41309,0,0,0,10,3,0,14,33,3,47
SSC41310,0,0,0,9,14,0,29,111,5,146
SSC41311,4,0,4,33,14,0,43,115,23,174
SSC41312,0,0,0,18,7,0,27,39,5,75
SSC41313,30,11,40,230,69,7,304,648,33,983
SSC41314,20,3,22,442,165,18,626,1277,185,2083
SSC41315,0,0,0,50,21,0,70,184,13,271
SSC41316,60,10,72,407,177,19,601,1642,161,2405
SSC41317,156,23,175,562,303,25,898,2500,250,3646
SSC41318,29,3,28,163,48,7,220,566,55,838
SSC41319,0,0,0,24,4,3,27,46,11,85
SSC41320,0,0,0,27,14,0,38,66,10,108
SSC41321,0,0,0,23,3,0,28,65,5,97
SSC41322,0,0,0,4,0,0,4,11,0,18
SSC41323,0,0,0,19,5,0,25,75,10,113
SSC41324,0,0,0,3,0,0,3,29,0,27
SSC41325,26,7,29,1437,420,61,1916,3055,174,5147
SSC41326,0,0,0,8,0,0,9,12,4,25
SSC41327,0,0,0,15,3,0,17,36,0,57
SSC41328,0,0,0,21,0,6,26,34,11,72
SSC41329,0,0,0,0,0,0,0,11,0,11
SSC41330,0,0,0,0,0,0,0,25,3,27
SSC41331,3,0,8,50,18,0,71,159,17,243
SSC41332,0,0,0,7,0,0,6,30,8,43
SSC41333,35,25,61,369,138,20,524,1168,213,1905
SSC41334,9,9,14,468,144,21,639,1219,243,2102
SSC41335,3,0,4,26,19,0,45,153,41,247
SSC41336,19,0,17,55,27,3,86,273,28,382
SSC41337,0,0,0,16,0,4,21,21,0,40
SSC41338,13,7,19,124,75,9,202,626,110,945
SSC41339,277,49,320,722,423,22,1171,3269,320,4758
SSC41340,106,19,126,378,228,13,617,1381,132,2125
SSC41341,0,0,0,3,4,0,7,21,0,32
SSC41342,0,0,0,4,0,0,7,34,0,46
SSC41343,122,27,149,651,224,21,901,2400,212,3513
SSC41344,4,0,7,36,29,3,68,151,12,229
SSC41345,6,0,6,44,19,0,65,156,13,234
SSC41346,0,0,0,0,0,0,0,0,0,3
SSC41347,0,0,0,8,3,0,16,26,0,40
SSC41348,0,0,0,23,4,0,30,48,7,84
SSC41349,0,0,0,10,0,0,9,34,0,47
SSC41350,15,5,21,73,34,5,112,315,25,456
SSC41351,4,0,4,98,39,7,145,349,58,548
SSC41352,0,0,0,4,0,0,8,13,0,27
SSC41353,170,7,182,621,304,29,949,2396,150,3490
SSC41354,0,0,3,292,79,4,373,999,71,1442
SSC41355,39,0,37,315,129,10,453,805,45,1304
SSC41356,0,0,0,4,0,0,7,13,0,18
SSC41357,0,0,0,7,0,0,7,3,0,10
SSC41358,0,0,0,0,4,0,7,57,3,68
SSC41359,0,0,0,4,3,0,11,19,3,30
SSC41360,45,8,54,469,153,18,641,1472,147,2258
SSC41361,32,6,45,243,70,15,329,861,46,1235
SSC41362,54,0,61,523,196,25,741,1815,124,2677
SSC41363,0,0,0,6,0,0,6,17,7,25
SSC41364,0,0,0,67,22,4,93,204,26,323
SSC41365,49,4,54,60,44,0,108,435,43,587
SSC41366,0,0,0,5,0,0,7,19,0,25
SSC41367,0,0,0,0,0,0,0,17,0,15
SSC41368,0,0,0,0,0,0,0,0,0,0
SSC41369,20,0,24,122,47,5,171,525,53,750
SSC41370,0,0,0,12,3,3,17,27,4,50
SSC41371,72,8,82,516,220,34,774,1472,120,2365
SSC41372,14,4,19,385,184,25,598,941,657,2193
SSC41373,9,0,9,26,36,4,62,143,23,230
SSC41374,0,0,0,127,28,3,159,148,20,326
SSC41375,0,0,0,3,0,0,4,8,0,16
SSC41376,0,0,0,3,0,0,5,3,0,10
SSC41377,0,0,0,9,5,0,15,30,0,44
SSC41378,0,0,0,3,0,0,3,16,3,21
SSC41379,0,0,0,16,15,0,31,46,5,85
SSC41380,20,0,20,223,90,3,321,622,34,982
SSC41381,0,0,0,0,0,0,3,0,0,6
SSC41382,141,64,201,1038,505,41,1585,3243,476,5300
SSC41383,34,18,52,195,62,13,269,708,140,1116
SSC41384,0,0,0,10,0,0,10,18,3,37
SSC41385,0,0,0,0,3,0,3,11,0,14
SSC41386,0,0,0,0,0,0,0,0,0,0
SSC41387,0,0,0,0,0,0,0,0,0,0
SSC41388,59,15,75,315,150,10,469,1543,177,2190
SSC41389,0,0,0,0,0,0,0,25,0,25
SSC41390,6,0,6,103,66,3,175,331,39,544
SSC41391,0,0,8,48,12,4,60,219,40,319
SSC41392,0,0,0,4,0,0,4,23,4,30
SSC41393,0,0,0,6,0,0,4,26,4,36
SSC41394,0,0,0,16,0,0,25,46,9,76
SSC41395,0,0,0,8,5,0,9,23,0,33
SSC41396,24,4,31,618,229,31,877,1679,118,2672
SSC41397,0,0,0,9,0,0,12,24,3,34
SSC41398,0,4,3,108,56,3,164,281,19,466
SSC41399,5,0,5,26,5,0,35,201,23,264
SSC41400,0,0,0,22,6,0,28,80,8,119
SSC41401,0,0,0,0,0,0,0,14,0,14
SSC41402,28,8,37,223,102,7,325,960,124,1412
SSC41403,0,0,0,7,0,0,5,11,4,22
SSC41404,0,0,0,0,0,0,0,9,0,8
SSC41405,3,0,3,68,29,3,105,277,35,410
SSC41406,196,31,232,685,322,32,1041,2519,268,3830
SSC41407,40,0,46,421,173,21,615,1693,200,2506
SSC41408,0,0,0,3,6,3,15,15,0,32
SSC41409,0,0,0,3,6,0,5,22,11,37
SSC41410,0,0,0,0,0,0,0,0,0,0
SSC41411,0,0,0,10,3,3,10,25,0,44
SSC41412,0,0,3,49,21,0,77,125,26,227
SSC41413,0,0,0,3,3,0,3,16,0,24
SSC41414,3,0,3,42,51,0,95,241,20,354
SSC41415,4,0,4,27,19,8,55,115,12,174
SSC41416,0,0,0,0,3,0,3,4,0,4
SSC41417,0,0,0,53,28,3,87,132,21,239
SSC41418,46,8,59,536,255,30,821,1795,122,2736
SSC41419,0,0,0,0,0,0,0,0,0,3
SSC41420,0,0,0,16,3,0,23,54,3,80
SSC41421,0,0,0,29,12,0,33,56,3,101
SSC41422,26,3,24,139,102,4,243,706,95,1043
SSC41423,0,0,0,0,3,0,3,9,6,16
SSC41424,3,0,4,136,66,9,211,433,34,677
SSC41425,4,0,3,11,7,0,24,73,18,120
SSC41426,0,0,0,3,0,0,5,8,0,17
SSC41427,0,0,0,6,4,0,14,75,7,98
SSC41428,0,0,0,20,12,0,35,89,5,131
SSC41429,32,4,33,178,64,12,252,918,96,1264
SSC41430,3,6,13,73,40,0,116,285,75,469
SSC41431,0,0,0,9,5,0,11,13,3,31
SSC41432,0,0,3,29,15,0,44,119,16,179
SSC41433,3,0,3,37,9,0,44,104,8,152
SSC41434,0,0,0,3,0,0,3,24,3,35
SSC41435,0,0,0,5,0,0,8,5,0,16
SSC41436,0,0,0,55,22,7,81,105,18,211
SSC41437,3,0,3,20,7,3,35,123,17,175
SSC41438,7,8,9,7,6,0,11,139,22,173
SSC41439,0,0,0,4,0,0,6,19,0,21
SSC41440,11,4,18,86,37,9,125,254,23,409
SSC41441,0,0,0,0,3,0,4,15,0,21
SSC41442,0,0,0,6,0,0,6,15,0,18
SSC41443,0,0,0,41,25,3,67,114,25,204
SSC41444,0,0,0,4,4,0,7,18,3,29
SSC41445,72,5,81,443,219,20,681,1400,93,2177
SSC41446,0,0,0,3,0,0,3,11,3,19
SSC41447,0,0,0,0,0,0,0,0,0,0
SSC41448,65,8,80,411,193,26,622,1395,145,2168
SSC41449,0,0,0,14,5,3,14,36,3,61
SSC41450,58,4,68,594,184,19,790,2506,188,3487
SSC41451,0,0,0,0,0,0,0,17,0,18
SSC41452,0,0,0,0,0,0,0,12,0,17
SSC41453,0,0,0,11,12,0,19,57,3,86
SSC41454,0,0,0,0,0,0,0,19,3,27
SSC41455,83,16,106,638,216,20,874,2079,159,3106
SSC41456,21,3,20,199,83,14,293,688,46,1023
SSC41457,100,5,107,582,173,24,780,1662,102,2546
SSC41458,3,0,3,97,42,4,142,277,26,443
SSC41459,3,0,3,21,9,0,33,60,10,103
SSC41460,55,24,83,185,131,16,330,940,136,1406
SSC41461,3,0,3,43,11,0,57,169,34,256
SSC41462,0,0,0,7,4,0,4,6,5,16
SSC41463,29,3,29,254,133,9,403,764,30,1196
SSC41464,21,9,31,430,186,26,638,1216,178,2031
SSC41465,0,0,0,4,0,0,4,7,0,6
SSC41466,0,0,0,0,0,0,0,5,0,6
SSC41467,0,0,0,0,0,0,0,0,0,0
SSC41468,0,0,0,37,27,0,69,194,9,267
SSC41469,0,0,0,0,0,0,0,0,0,0
SSC41470,0,0,0,3,7,0,8,12,0,22
SSC41471,0,0,0,9,0,0,9,17,3,24
SSC41472,43,10,50,374,134,10,518,1326,107,1949
SSC41473,0,0,0,37,17,0,54,54,4,110
SSC41474,66,3,64,621,251,25,897,2340,175,3410
SSC41475,30,4,35,222,118,12,348,753,86,1185
SSC41476,0,0,0,0,0,0,0,0,0,0
SSC41477,0,0,0,45,37,0,84,142,11,233
SSC41478,7,0,9,182,69,8,258,477,34,771
SSC41479,27,3,25,92,37,5,135,306,26,462
SSC41480,3,0,3,4,7,0,9,21,10,41
SSC41481,22,3,23,164,83,5,243,545,32,820
SSC41482,0,0,0,3,4,0,3,4,0,9
SSC41483,73,11,87,357,152,8,514,1260,114,1888
SSC41484,95,19,110,999,432,39,1477,3292,276,5048
SSC41485,0,0,0,6,0,0,6,3,0,14
SSC41486,4,0,4,3,7,0,14,41,0,55
SSC41487,0,0,0,38,25,0,63,98,7,171
SSC41488,0,0,0,28,0,0,29,33,0,58
SSC41489,241,88,330,453,251,26,728,2631,347,3704
SSC41490,4,0,4,12,5,0,12,60,4,76
SSC41491,18,0,13,295,110,10,409,902,114,1427
SSC41492,7,3,8,147,95,5,249,540,48,830
SSC41493,0,0,0,8,11,0,20,36,0,57
SSC41494,0,0,0,5,0,0,6,9,0,15
SSC41495,116,12,135,388,143,11,546,1507,192,2244
SSC41496,4,0,4,52,31,5,80,159,24,269
SSC41497,3,0,5,6,9,0,19,65,10,93
SSC41498,168,15,181,361,192,10,566,1590,143,2306
SSC41499,117,11,124,662,241,24,931,1702,122,2747
SSC41500,0,0,0,12,3,0,15,34,5,51
SSC41501,0,0,0,3,0,0,3,5,0,8
SSC41502,52,64,116,373,211,14,606,2050,342,2999
SSC41503,4,0,6,67,27,0,93,221,36,349
SSC41504,0,0,0,14,0,3,16,21,0,31
SSC41505,0,0,0,0,0,0,0,0,0,0
SSC41506,0,0,0,0,0,0,0,5,0,6
SSC41507,0,0,0,4,3,0,8,16,0,20
SSC41508,0,0,0,3,0,0,3,0,0,4
SSC41509,0,0,0,7,0,0,6,29,0,37
SSC41510,0,0,0,10,0,0,8,11,0,24
SSC41511,0,0,0,10,4,3,18,49,4,76
SSC41512,0,0,0,0,0,0,4,11,0,9
SSC41513,0,0,0,32,10,0,44,93,13,146
SSC41514,0,0,0,31,15,0,40,97,26,168
SSC41515,0,4,4,12,3,0,19,27,11,55
SSC41516,0,0,0,13,9,0,29,34,10,69
SSC41517,0,0,0,0,0,0,3,8,0,12
SSC41518,0,0,0,6,0,0,10,45,3,59
SSC41519,0,0,0,34,11,3,45,55,8,114
SSC41520,0,0,0,11,10,0,19,27,0,48
SSC41521,0,0,0,30,14,0,45,97,5,155
SSC41522,0,0,0,0,0,0,0,3,0,3
SSC41523,4,3,8,44,24,0,72,197,21,292
SSC41524,181,22,206,786,394,28,1209,2984,272,4472
SSC41525,0,3,3,15,3,0,21,50,17,81
SSC41526,0,0,0,3,0,0,0,6,3,17
SSC41527,0,0,0,4,4,0,6,11,0,15
SSC41528,3,0,5,114,44,3,162,375,34,573
SSC41529,0,0,0,0,0,0,0,0,0,0
SSC41530,0,0,0,3,0,0,3,21,0,25
SSC41531,0,0,0,33,9,0,44,56,7,106
SSC41532,0,0,0,20,8,0,23,38,3,66
SSC41533,16,8,27,125,81,4,213,702,158,1075
SSC41534,0,0,0,61,28,3,93,147,13,257
SSC41535,0,0,0,0,0,0,0,0,0,0
SSC41536,7,0,7,29,7,3,41,83,9,135
SSC41537,64,3,70,320,106,10,443,975,70,1484
SSC41538,0,0,0,14,0,0,17,34,4,58
SSC41539,0,0,0,6,0,0,7,10,3,20
SSC41540,0,0,0,10,9,0,17,22,0,43
SSC41541,87,9,92,242,76,16,337,1195,80,1613
SSC41542,0,0,0,0,0,0,0,35,9,41
SSC41543,0,0,0,0,0,0,0,0,0,0
SSC41544,0,0,0,9,12,0,23,66,11,98
SSC41545,0,0,0,22,7,0,28,24,0,48
SSC41546,26,3,27,127,36,6,168,514,54,732
SSC41547,0,3,0,15,7,0,25,136,35,191
SSC41548,0,0,0,15,15,3,30,98,23,155
SSC41549,0,0,0,9,0,0,9,20,0,30
SSC41550,158,18,178,764,354,31,1150,2851,228,4224
SSC41551,0,0,0,0,0,0,0,5,0,3
SSC41552,107,9,117,711,212,22,941,2221,179,3349
SSC41553,36,3,36,244,66,8,314,911,57,1287
SSC41554,228,34,264,683,568,14,1262,3578,295,5140
SSC41555,80,18,97,436,315,13,764,1675,177,2621
SSC41556,0,0,0,3,0,0,5,11,0,19
SSC41557,25,0,27,159,34,3,191,564,41,808
SSC41558,0,0,0,3,0,0,3,4,0,12
SSC41559,165,40,207,396,177,15,592,1433,117,2144
SSC41560,0,0,0,26,9,0,33,53,5,93
SSC41561,0,0,0,0,0,0,0,15,3,19
SSC41562,0,0,0,6,4,0,4,15,0,24
SSC41563,0,0,0,9,7,0,22,60,6,84
SSC41564,0,0,0,3,0,0,3,10,3,14
SSC41565,0,0,0,8,15,0,27,105,13,136
SSC41566,0,0,0,0,0,0,0,0,0,3
SSC41567,0,0,0,16,3,0,23,18,0,34
SSC41568,0,0,0,4,5,0,9,4,0,11
SSC41569,0,3,3,47,22,3,70,183,10,264
SSC41570,0,0,0,6,7,0,11,23,8,37
SSC41571,105,21,125,589,251,28,864,1963,201,3025
SSC41572,0,0,0,0,0,0,0,0,0,0
SSC41573,11,3,12,423,98,17,545,830,91,1466
SSC41574,85,18,109,989,438,58,1493,3222,578,5296
SSC41575,45,12,57,396,181,12,596,1427,151,2170
SSC41576,86,26,115,920,401,51,1371,3490,542,5407
SSC41577,0,0,0,11,0,0,12,19,6,40
SSC41578,0,0,0,5,0,0,10,16,0,30
SSC41579,0,0,0,3,0,0,3,0,0,6
SSC41580,0,0,0,27,9,4,37,94,10,139
SSC41581,0,0,0,16,3,0,16,49,13,81
SSC41582,0,0,0,3,0,0,3,14,0,18
SSC41583,0,0,0,10,7,0,17,27,3,45
SSC41584,0,0,0,26,7,0,32,76,9,113
SSC41585,3,0,3,18,0,0,18,21,6,47
SSC41586,57,13,73,523,277,12,815,1781,184,2784
SSC41587,0,0,0,0,0,0,0,11,0,10
SSC41588,43,3,50,516,202,31,749,1290,144,2185
SSC41589,0,0,0,7,0,0,5,12,0,18
SSC41590,0,0,0,0,0,0,3,6,0,11
SSC41591,0,0,0,0,0,0,0,11,0,11
SSC41592,0,0,0,10,0,0,7,16,3,29
SSC41593,0,0,0,7,0,0,8,28,3,33
SSC41594,0,0,0,0,0,0,0,0,0,0
SSC41595,36,4,42,386,204,29,621,1138,101,1861
SSC41596,0,0,0,23,9,0,39,80,8,126
SSC41597,0,0,7,69,29,0,100,216,24,336
SSC41598,6,6,10,66,28,0,93,184,29,307
SSC41599,10,3,13,74,46,3,121,313,59,490
SSC41600,5,0,5,18,15,0,38,78,13,128
SSC41601,64,4,76,950,327,31,1309,2794,234,4333
SSC41602,13,0,10,57,17,0,68,305,33,408
SSC41603,3,0,6,47,21,0,72,174,24,274
SSC41604,0,0,0,0,0,0,0,3,0,3
SSC41605,0,0,3,10,3,0,16,11,0,25
SSC41606,12,3,15,51,16,0,69,254,29,354
SSC41607,0,0,0,0,0,0,0,0,0,0
SSC41608,0,0,0,3,0,0,3,20,8,24
SSC41609,0,0,3,9,10,0,25,86,20,123
SSC41610,0,0,0,24,5,0,27,47,5,76
SSC41611,0,0,0,19,4,3,31,60,7,96
SSC41612,4,0,4,42,23,0,62,156,13,232
SSC41613,0,0,0,0,0,0,0,4,0,4
SSC41614,0,0,0,8,9,0,16,34,0,53
SSC41615,0,0,0,24,12,7,32,96,12,145
SSC41616,0,0,0,0,0,0,0,0,0,0
SSC41617,0,0,0,0,4,3,7,45,7,57
SSC41618,0,0,0,11,3,0,14,23,0,45
SSC41619,0,0,0,0,0,0,0,0,0,0
SSC41620,3,0,3,12,0,0,12,28,3,43
SSC41621,0,0,0,43,12,0,57,128,5,186
SSC41622,191,15,208,1953,792,110,2861,5782,340,8985
SSC41623,6,0,13,93,43,0,139,357,15,503
SSC41624,0,0,0,20,5,0,32,31,3,65
SSC41625,0,0,0,14,0,0,14,34,0,49
SSC41626,0,0,0,19,11,0,29,114,8,148
SSC41627,75,9,90,402,172,18,598,1370,195,2162
SSC41628,56,3,64,302,122,12,429,1185,88,1701
SSC41629,46,6,56,340,78,13,426,1419,169,2021
SSC41630,45,7,50,359,110,9,479,1416,126,2022
SSC41631,15,0,11,306,86,3,397,936,73,1404
SSC41632,91,17,112,513,175,24,711,1725,175,2610
SSC41633,102,9,119,495,147,23,663,1717,172,2555
SSC41634,8,0,8,9,6,0,20,107,4,134
SSC41635,0,0,0,5,0,0,5,6,3,11
SSC41636,0,0,0,6,3,0,4,21,0,23
SSC41637,0,0,0,3,3,0,3,20,3,27
SSC41638,0,0,0,8,3,0,16,38,8,59
SSC41639,0,0,0,0,0,0,0,7,0,9
SSC41640,0,0,0,8,7,0,21,93,18,135
SSC41641,0,0,0,0,0,0,0,4,0,5
SSC41642,0,0,0,173,60,11,239,419,27,691
SSC41643,0,0,0,7,7,0,15,17,0,32
SSC41644,23,4,24,117,47,6,173,292,43,508
SSC41645,0,0,0,13,3,0,17,38,0,58
SSC41646,0,0,0,13,3,0,20,51,3,75
SSC41647,0,0,0,6,7,0,15,39,0,57
SSC41648,80,17,96,1182,684,61,1927,4288,259,6475
SSC41649,4,0,4,10,9,0,12,73,3,92
SSC41650,3,0,3,16,4,0,21,92,6,121
SSC41651,23,7,32,188,77,5,267,334,49,653
SSC41652,0,0,0,8,0,0,10,3,0,14
SSC41653,0,0,0,31,21,3,56,63,69,188
SSC41654,0,0,0,16,8,0,26,30,11,68
SSC41655,0,0,0,3,0,0,3,0,0,3
SSC41656,0,0,0,0,0,0,0,3,0,3
SSC41657,0,0,0,0,0,0,0,3,0,4
SSC41658,3,0,3,12,6,0,18,30,4,57
SSC41659,56,5,53,108,64,3,179,522,82,781
SSC41660,0,0,0,3,0,0,3,7,0,9
SSC41661,0,0,0,0,0,0,0,0,3,6
SSC41662,0,0,0,0,0,0,0,0,0,0
SSC41663,0,0,0,3,0,0,3,9,0,13
SSC41664,0,0,0,43,29,3,75,121,15,207
SSC41665,0,0,0,3,0,0,9,11,4,22
SSC41666,4,0,4,49,26,0,80,167,26,272
SSC41667,0,0,0,14,4,0,22,30,3,62
SSC41668,0,0,0,0,0,0,0,0,0,0
SSC41669,0,0,0,0,0,0,0,11,0,13
SSC41670,4,0,4,9,0,0,6,13,0,20
SSC41671,0,0,0,6,3,0,15,48,13,76
SSC41672,0,0,0,0,3,0,8,14,3,23
SSC41673,21,0,23,120,63,9,186,572,45,806
SSC41674,5,0,5,30,9,5,41,133,14,185
SSC41675,0,0,0,0,0,0,0,0,0,0
SSC41676,0,0,0,12,5,0,14,28,3,42
SSC41677,0,0,0,0,0,0,0,0,0,0
SSC41678,0,0,4,25,10,0,35,84,18,131
SSC41679,0,0,0,12,3,0,11,49,4,71
SSC41680,0,0,0,4,5,0,9,11,0,22
SSC49494,16,4,22,262,141,16,411,1621,609,2648
SSC49797,0,0,0,0,0,0,0,6,0,3
