SSC_CODE_2016,Num_MVs_per_dweling_0_MVs,Num_MVs_per_dweling_1_MVs,Num_MVs_per_dweling_2_MVs,Num_MVs_per_dweling_3_MVs,Num_MVs_per_dweling_4mo_MVs,Num_MVs_per_dweling_Tot,Num_MVs_NS,Total_dwelings
SSC40001,125,1195,1685,633,303,3931,68,3999
SSC40002,2289,2598,754,81,37,5762,247,6014
SSC40003,0,0,0,0,0,0,0,0
SSC40004,0,3,7,3,14,25,3,31
SSC40005,0,3,8,0,3,16,3,22
SSC40006,63,244,264,70,30,678,24,705
SSC40007,88,349,245,71,30,785,21,812
SSC40008,12,238,572,176,124,1123,16,1143
SSC40009,10,94,91,21,14,237,12,240
SSC40010,138,1387,1443,474,163,3603,138,3740
SSC40011,0,15,24,7,12,60,0,57
SSC40012,37,268,273,86,38,704,30,725
SSC40013,0,27,56,36,22,144,8,148
SSC40014,0,10,18,19,4,48,4,46
SSC40015,0,4,9,3,7,23,0,23
SSC40016,0,4,17,6,7,40,3,44
SSC40017,47,20,10,0,0,81,7,81
SSC40018,0,3,0,0,0,4,0,4
SSC40019,3,37,46,9,0,90,8,98
SSC40020,0,0,0,0,0,3,0,3
SSC40021,0,0,3,0,0,3,0,3
SSC40022,13,35,9,7,3,65,4,67
SSC40023,10,52,46,22,10,145,9,150
SSC40024,0,0,0,0,0,0,0,0
SSC40025,0,0,3,0,3,16,0,16
SSC40026,107,928,1075,284,113,2500,69,2576
SSC40027,0,6,14,6,3,27,0,27
SSC40028,0,3,3,4,7,19,0,19
SSC40029,32,260,312,128,73,804,19,828
SSC40030,69,205,158,52,17,497,20,518
SSC40031,14,154,353,195,159,872,17,889
SSC40032,0,3,6,3,4,16,0,16
SSC40033,0,0,3,0,0,3,0,3
SSC40034,0,0,3,0,0,3,0,8
SSC40035,0,0,4,3,0,7,0,7
SSC40036,0,8,13,7,10,34,0,36
SSC40037,0,0,0,0,0,0,0,0
SSC40038,29,238,180,46,22,524,26,555
SSC40039,0,0,0,0,0,4,0,6
SSC40040,0,23,53,34,13,129,0,127
SSC40041,0,38,43,21,12,116,3,119
SSC40042,0,9,22,9,17,60,0,62
SSC40043,158,699,421,96,47,1417,50,1470
SSC40044,0,15,42,21,17,89,0,95
SSC40045,51,225,113,29,11,421,18,441
SSC40046,5,27,70,40,33,168,3,173
SSC40047,0,0,4,3,0,9,0,9
SSC40048,85,976,1398,513,286,3264,76,3338
SSC40049,65,244,264,74,28,672,25,698
SSC40050,7,73,120,41,29,268,10,275
SSC40051,3,42,95,48,24,208,0,208
SSC40052,0,0,4,0,3,9,0,9
SSC40053,0,9,12,14,6,41,0,41
SSC40054,0,8,18,10,4,36,0,35
SSC40055,0,0,10,3,4,22,0,22
SSC40056,0,16,24,15,7,62,0,62
SSC40057,0,5,11,8,9,32,3,37
SSC40058,0,0,0,0,0,0,0,0
SSC40059,0,0,0,0,0,4,0,4
SSC40060,0,0,0,0,0,0,0,0
SSC40061,50,308,276,128,54,820,20,840
SSC40062,0,3,10,3,0,9,0,9
SSC40063,0,0,0,5,0,4,0,4
SSC40064,3,14,16,3,0,38,0,39
SSC40065,8,137,242,107,70,560,16,580
SSC40066,0,3,0,0,0,6,0,6
SSC40067,0,11,8,3,3,27,0,27
SSC40068,0,4,0,6,11,15,0,15
SSC40069,33,332,545,169,80,1159,22,1181
SSC40070,0,5,6,10,17,32,0,37
SSC40071,0,0,3,0,8,11,0,11
SSC40072,103,442,367,131,91,1130,64,1199
SSC40073,0,0,0,0,0,0,0,0
SSC40074,0,0,0,0,0,0,0,0
SSC40075,0,3,6,11,4,21,0,21
SSC40076,0,3,4,8,4,19,0,20
SSC40077,0,0,10,0,0,8,0,8
SSC40078,0,18,37,28,14,104,3,106
SSC40079,0,5,6,4,0,19,4,25
SSC40080,0,4,3,3,3,17,0,17
SSC40081,3,60,103,39,23,228,8,232
SSC40082,0,0,0,0,0,3,0,3
SSC40083,0,10,8,9,0,28,0,28
SSC40084,24,242,417,147,64,894,19,911
SSC40085,0,0,0,0,0,0,0,0
SSC40086,70,199,134,52,23,477,71,547
SSC40087,0,0,14,7,3,26,0,26
SSC40088,40,411,709,255,130,1545,33,1574
SSC40089,0,0,4,0,5,17,0,17
SSC40090,0,6,4,4,10,29,0,29
SSC40091,31,333,441,120,63,985,15,1002
SSC40092,0,4,0,0,3,9,0,9
SSC40093,0,0,0,0,0,3,0,3
SSC40094,0,8,21,10,6,44,0,46
SSC40095,0,0,0,0,3,3,0,3
SSC40096,167,685,544,136,57,1588,84,1679
SSC40097,0,13,16,15,12,48,3,51
SSC40098,0,3,5,3,11,23,0,23
SSC40099,48,258,239,44,23,611,16,625
SSC40100,54,238,183,68,29,573,17,589
SSC40101,0,9,39,22,12,82,0,84
SSC40102,0,0,0,0,0,0,0,0
SSC40103,0,6,11,7,9,27,0,27
SSC40104,0,0,0,0,0,0,0,0
SSC40105,0,3,6,9,6,24,0,27
SSC40106,0,0,5,3,3,14,0,12
SSC40107,11,104,194,89,60,456,10,471
SSC40108,74,282,249,67,35,705,13,719
SSC40109,70,344,262,59,37,773,20,797
SSC40110,0,9,11,3,0,18,0,18
SSC40111,0,4,8,0,0,16,0,16
SSC40112,0,0,6,3,6,18,0,15
SSC40113,0,3,8,3,3,20,0,20
SSC40114,0,11,13,3,4,34,3,34
SSC40115,0,3,6,3,0,9,0,9
SSC40116,0,0,7,3,6,17,0,17
SSC40117,96,593,654,187,98,1624,43,1671
SSC40118,185,618,488,156,83,1525,69,1590
SSC40119,82,859,1067,312,111,2438,54,2488
SSC40120,0,8,60,25,24,118,3,121
SSC40121,0,4,4,0,0,12,0,12
SSC40122,15,52,52,9,3,131,5,139
SSC40123,0,0,13,7,8,27,0,27
SSC40124,0,17,52,25,17,115,0,115
SSC40125,0,5,0,7,0,12,0,12
SSC40126,0,3,4,0,0,15,0,15
SSC40127,5,50,75,27,23,184,3,184
SSC40128,0,3,9,9,3,20,0,20
SSC40129,0,0,0,0,0,0,0,0
SSC40130,0,0,3,0,0,6,0,6
SSC40131,7,66,47,8,3,133,7,135
SSC40132,0,0,0,0,0,0,0,0
SSC40133,0,6,0,0,0,10,0,10
SSC40134,0,0,3,0,0,3,0,3
SSC40135,0,24,30,20,10,85,3,85
SSC40136,0,5,23,5,5,45,0,45
SSC40137,0,3,3,5,3,13,0,13
SSC40138,8,53,48,42,42,184,7,191
SSC40139,0,0,4,0,0,8,0,8
SSC40140,0,0,0,0,0,3,0,3
SSC40141,0,9,4,3,6,24,0,24
SSC40142,52,378,426,141,74,1075,39,1113
SSC40143,0,0,0,3,3,17,0,17
SSC40144,0,3,3,0,3,15,4,18
SSC40145,0,38,169,56,31,295,6,310
SSC40146,76,239,91,15,0,422,28,453
SSC40147,0,8,6,0,3,17,0,17
SSC40148,3,7,23,14,10,49,3,50
SSC40149,0,0,3,3,0,11,0,11
SSC40150,0,8,14,3,0,23,0,20
SSC40151,3,5,25,13,13,67,0,67
SSC40152,0,0,3,0,0,7,0,7
SSC40153,105,485,387,133,57,1167,44,1215
SSC40154,0,8,3,0,0,15,0,15
SSC40155,0,3,3,3,8,21,0,21
SSC40156,0,4,0,0,0,4,0,4
SSC40157,0,3,11,11,8,24,0,31
SSC40158,29,446,585,190,79,1315,29,1339
SSC40159,0,3,0,7,0,11,0,11
SSC40160,137,616,526,137,62,1480,42,1517
SSC40161,0,3,10,5,3,21,0,19
SSC40162,3,10,10,8,13,35,0,32
SSC40163,3,33,33,21,23,112,0,109
SSC40164,167,709,541,173,71,1661,65,1727
SSC40165,177,656,445,125,20,1428,38,1461
SSC40166,0,4,12,4,8,26,0,26
SSC40167,268,890,584,151,72,1963,72,2029
SSC40168,0,0,3,0,0,0,0,0
SSC40169,0,0,0,0,0,3,0,3
SSC40170,0,0,13,0,3,13,0,16
SSC40171,0,0,9,5,3,17,0,16
SSC40172,3,27,37,17,11,91,0,88
SSC40173,0,0,3,0,0,5,0,5
SSC40174,3,37,60,31,20,151,5,148
SSC40175,0,0,3,4,5,12,0,12
SSC40176,0,15,34,13,7,67,3,68
SSC40177,0,0,6,0,0,15,0,15
SSC40178,0,6,19,8,16,53,0,53
SSC40179,0,0,5,11,3,13,0,13
SSC40180,0,0,3,3,3,11,0,10
SSC40181,0,15,34,19,13,84,3,85
SSC40182,0,11,14,10,8,46,0,48
SSC40183,0,4,4,0,0,10,0,10
SSC40184,0,0,3,0,0,3,0,4
SSC40185,0,0,3,0,0,6,0,6
SSC40186,0,4,5,3,4,16,0,20
SSC40187,0,0,0,0,0,0,0,0
SSC40188,0,5,18,7,6,40,0,40
SSC40189,0,0,0,0,5,6,0,6
SSC40190,3,6,23,12,9,51,8,57
SSC40191,0,0,0,0,0,0,0,0
SSC40192,51,367,463,128,59,1070,24,1098
SSC40193,23,165,157,67,30,439,15,455
SSC40194,0,0,3,0,0,3,0,3
SSC40195,0,3,12,10,12,36,0,39
SSC40196,72,520,845,321,136,1898,51,1947
SSC40197,8,58,57,27,11,155,3,156
SSC40198,0,8,12,0,5,23,0,23
SSC40199,7,50,53,32,10,150,11,154
SSC40200,0,0,6,7,4,14,3,15
SSC40201,0,0,3,0,3,7,0,7
SSC40202,0,0,5,0,0,8,0,8
SSC40203,7,56,86,45,23,214,3,219
SSC40204,0,4,8,0,3,17,0,17
SSC40205,0,14,22,16,4,58,0,61
SSC40206,3,7,21,10,5,46,0,50
SSC40207,0,3,3,0,3,9,0,9
SSC40208,0,0,3,3,5,10,0,10
SSC40209,4,37,46,22,23,127,6,128
SSC40210,125,627,453,94,59,1359,47,1403
SSC40211,377,1319,1037,262,116,3103,114,3218
SSC40212,0,4,0,3,10,14,0,14
SSC40213,0,6,18,7,11,45,0,50
SSC40214,0,0,0,0,0,4,0,4
SSC40215,0,0,6,0,3,12,0,9
SSC40216,0,0,0,3,3,3,0,3
SSC40217,0,0,0,3,0,3,0,3
SSC40218,0,4,9,4,5,17,3,20
SSC40219,0,6,9,4,3,25,3,21
SSC40220,7,47,44,11,14,122,7,128
SSC40221,0,0,3,3,3,11,0,11
SSC40222,0,0,0,0,0,0,0,0
SSC40223,0,0,0,0,0,0,0,0
SSC40224,0,3,3,3,4,8,0,8
SSC40225,0,25,62,35,26,143,7,152
SSC40226,0,0,3,0,0,8,0,8
SSC40227,0,9,11,6,3,33,3,31
SSC40228,7,79,58,14,7,161,3,165
SSC40229,0,3,5,4,5,17,0,21
SSC40230,0,5,11,3,9,28,0,32
SSC40231,0,6,6,0,0,7,0,7
SSC40232,0,5,9,0,0,16,4,22
SSC40233,0,3,0,0,0,3,0,3
SSC40234,0,0,0,0,0,0,0,0
SSC40235,0,7,11,0,3,21,0,22
SSC40236,62,222,250,83,37,657,34,691
SSC40237,0,10,30,12,4,44,7,48
SSC40238,0,19,28,14,10,70,0,70
SSC40239,0,0,0,3,0,5,0,5
SSC40240,0,3,3,3,3,11,0,11
SSC40241,3,34,96,55,44,232,3,236
SSC40242,0,3,22,6,11,42,0,45
SSC40243,0,0,3,3,0,10,0,10
SSC40244,0,28,74,38,25,173,8,178
SSC40245,0,0,4,0,0,6,0,6
SSC40246,0,0,0,4,4,7,0,7
SSC40247,80,303,282,104,64,836,25,861
SSC40248,0,28,84,52,32,195,0,195
SSC40249,0,9,21,14,3,45,0,44
SSC40250,0,0,0,0,0,3,0,3
SSC40251,0,3,0,0,0,3,0,3
SSC40252,0,0,0,0,0,3,0,3
SSC40253,0,0,0,0,0,0,0,0
SSC40254,325,918,534,139,60,1975,132,2104
SSC40255,238,925,650,185,84,2078,99,2183
SSC40256,22,191,261,61,30,565,10,578
SSC40257,74,456,473,163,65,1233,50,1286
SSC40258,47,270,349,81,71,820,21,837
SSC40259,92,441,349,110,36,1026,22,1047
SSC40260,0,38,100,38,33,210,8,219
SSC40261,0,3,0,3,6,10,0,10
SSC40262,0,0,0,0,3,3,0,3
SSC40263,3,61,66,25,8,168,4,178
SSC40264,148,567,479,140,56,1389,47,1433
SSC40265,0,0,0,0,0,0,0,0
SSC40266,0,0,5,3,8,14,0,17
SSC40267,16,140,144,62,28,383,15,398
SSC40268,0,0,0,0,0,0,0,0
SSC40269,4,60,57,13,3,135,8,143
SSC40270,0,0,3,0,3,6,0,6
SSC40271,120,536,443,110,55,1256,30,1286
SSC40272,5,32,59,22,18,130,6,140
SSC40273,0,0,0,0,0,0,0,0
SSC40274,0,3,9,0,11,24,0,24
SSC40275,0,33,100,56,31,216,7,218
SSC40276,0,6,3,0,6,10,3,16
SSC40277,4,78,114,24,17,234,11,249
SSC40278,0,3,8,9,7,26,0,26
SSC40279,0,0,8,0,0,14,0,14
SSC40280,19,93,111,38,22,276,8,281
SSC40281,0,0,0,5,3,14,0,11
SSC40282,0,0,0,0,0,3,0,3
SSC40283,0,0,0,0,0,0,0,0
SSC40284,60,230,204,52,22,574,17,583
SSC40285,39,293,519,165,93,1114,15,1128
SSC40286,0,3,3,4,3,15,0,15
SSC40287,0,3,3,3,0,15,0,15
SSC40288,0,30,40,8,5,82,3,87
SSC40289,0,30,104,55,49,234,3,236
SSC40290,0,7,21,14,12,59,0,59
SSC40291,0,4,7,4,3,22,0,22
SSC40292,0,3,7,3,4,18,0,18
SSC40293,58,268,215,64,32,640,51,694
SSC40294,0,35,36,14,11,95,6,103
SSC40295,0,4,9,7,0,23,0,26
SSC40296,0,0,0,0,0,3,0,3
SSC40297,4,21,48,21,19,112,8,120
SSC40298,0,9,6,8,17,38,0,38
SSC40299,0,3,8,7,9,22,0,22
SSC40300,0,0,3,0,5,8,0,8
SSC40301,0,3,18,5,3,35,0,35
SSC40302,6,36,49,24,12,134,8,137
SSC40303,0,13,16,5,3,41,0,43
SSC40304,0,9,15,12,6,50,0,48
SSC40305,0,0,9,8,3,18,0,23
SSC40306,0,0,0,3,0,5,0,5
SSC40307,0,7,3,4,0,17,0,17
SSC40308,6,20,5,3,4,35,0,35
SSC40309,4,15,17,6,9,46,0,50
SSC40310,0,14,42,22,24,102,3,105
SSC40311,10,305,759,234,111,1429,16,1441
SSC40312,0,0,5,6,4,13,0,13
SSC40313,0,0,3,0,0,3,0,3
SSC40314,3,9,30,16,10,58,0,64
SSC40315,77,210,162,49,13,515,23,542
SSC40316,20,119,149,72,48,405,17,425
SSC40317,0,20,15,8,10,58,4,55
SSC40318,0,3,6,9,3,16,3,18
SSC40319,24,149,330,112,69,680,7,688
SSC40320,0,102,216,77,27,424,8,437
SSC40321,3,121,454,127,47,761,14,769
SSC40322,129,1126,1541,516,266,3583,107,3685
SSC40323,0,14,25,17,8,68,0,72
SSC40324,3,6,20,16,13,67,3,69
SSC40325,0,24,9,7,3,46,4,55
SSC40326,47,158,165,49,13,426,13,445
SSC40327,214,527,427,149,73,1392,58,1445
SSC40328,37,196,220,71,53,577,29,605
SSC40329,0,21,61,26,36,145,0,143
SSC40330,0,3,15,4,11,29,0,29
SSC40331,0,0,0,0,0,0,0,0
SSC40332,60,344,366,117,47,934,20,957
SSC40333,8,108,134,67,35,350,11,361
SSC40334,0,3,0,4,3,12,0,12
SSC40335,0,0,6,3,3,18,0,18
SSC40336,0,5,4,6,3,24,0,24
SSC40337,0,0,0,0,3,3,0,3
SSC40338,0,36,44,19,20,121,4,127
SSC40339,0,21,55,29,33,140,4,139
SSC40340,0,0,3,0,0,8,0,8
SSC40341,0,0,4,0,0,4,0,4
SSC40342,0,3,13,5,4,28,0,29
SSC40343,0,0,0,0,0,3,0,3
SSC40344,0,0,0,3,0,0,0,0
SSC40345,0,0,0,0,0,0,0,0
SSC40346,0,6,5,5,8,31,0,35
SSC40347,34,148,173,68,27,449,15,464
SSC40348,13,16,5,0,0,29,0,32
SSC40349,0,6,9,5,4,23,0,24
SSC40350,369,984,600,141,57,2150,131,2284
SSC40351,89,415,365,74,40,987,28,1011
SSC40352,0,17,42,22,8,92,4,95
SSC40353,0,0,0,0,0,0,0,0
SSC40354,0,3,0,0,0,5,0,5
SSC40355,0,4,8,0,0,9,0,9
SSC40356,0,0,0,0,0,7,0,7
SSC40357,0,15,31,12,6,62,0,62
SSC40358,0,18,24,13,0,48,0,52
SSC40359,38,443,635,170,88,1367,37,1404
SSC40360,0,0,0,0,3,10,0,10
SSC40361,67,176,113,22,11,391,15,413
SSC40362,0,0,9,12,0,24,0,24
SSC40363,4,77,109,21,10,222,7,232
SSC40364,0,0,13,3,6,17,0,17
SSC40365,0,17,25,4,0,49,0,50
SSC40366,0,0,0,0,0,0,0,0
SSC40367,111,483,397,97,37,1130,22,1154
SSC40368,0,0,8,0,3,17,0,18
SSC40369,6,38,27,5,11,91,0,94
SSC40370,0,40,69,29,13,148,8,155
SSC40371,0,15,11,8,5,35,0,35
SSC40372,0,3,15,0,3,17,0,23
SSC40373,38,122,55,26,16,248,13,258
SSC40374,0,0,5,0,0,6,0,6
SSC40375,44,261,262,60,17,645,10,657
SSC40376,0,3,11,10,3,24,0,25
SSC40377,0,9,17,10,12,44,3,46
SSC40378,0,3,0,0,0,3,0,3
SSC40379,0,6,26,12,12,60,4,65
SSC40380,36,159,131,23,4,345,10,349
SSC40381,0,3,3,0,0,4,0,4
SSC40382,0,6,3,3,0,12,0,12
SSC40383,0,4,15,11,14,51,0,57
SSC40384,3,70,177,81,57,380,6,389
SSC40385,29,335,423,178,89,1045,17,1067
SSC40386,3,49,56,24,19,148,4,156
SSC40387,0,6,21,3,9,44,4,46
SSC40388,0,0,0,0,0,0,0,0
SSC40389,0,0,0,0,0,0,0,0
SSC40390,14,100,82,18,9,227,15,239
SSC40391,282,768,532,144,52,1776,66,1841
SSC40392,0,6,22,6,4,42,0,42
SSC40393,100,166,79,28,13,388,28,413
SSC40394,261,832,511,152,45,1796,92,1885
SSC40395,279,720,406,127,53,1581,118,1694
SSC40396,209,384,207,57,31,892,65,956
SSC40397,298,651,290,96,26,1355,72,1433
SSC40398,210,595,382,113,21,1334,67,1403
SSC40399,277,468,238,51,21,1064,70,1131
SSC40400,335,748,301,72,44,1504,91,1601
SSC40401,4,54,60,21,5,142,4,151
SSC40402,3,4,17,0,3,34,0,30
SSC40403,0,10,27,3,0,41,4,46
SSC40404,0,0,3,0,4,14,0,14
SSC40405,3,4,11,6,5,32,0,32
SSC40406,88,1066,726,137,42,2064,85,2147
SSC40407,246,816,634,158,85,1942,69,2012
SSC40408,9,116,181,78,25,401,9,414
SSC40409,0,3,3,7,0,14,0,14
SSC40410,0,0,0,0,0,0,0,0
SSC40411,62,275,214,45,26,619,23,643
SSC40412,0,8,5,5,3,21,0,21
SSC40413,18,117,131,50,30,341,7,354
SSC40414,0,0,3,3,0,9,0,9
SSC40415,0,0,3,0,0,4,0,4
SSC40416,48,259,186,44,15,558,11,568
SSC40417,128,404,275,70,41,917,28,949
SSC40418,31,278,275,57,35,673,24,693
SSC40419,43,516,621,208,96,1486,34,1517
SSC40420,12,40,49,24,0,121,6,121
SSC40421,0,5,4,3,3,14,0,13
SSC40422,75,196,123,28,13,438,16,447
SSC40423,60,228,135,33,15,469,16,484
SSC40424,28,354,619,196,94,1295,26,1322
SSC40425,0,0,0,0,0,3,0,3
SSC40426,0,3,0,0,4,6,3,11
SSC40427,0,18,34,16,9,78,8,82
SSC40428,111,384,265,86,33,877,36,912
SSC40429,211,529,497,132,69,1435,59,1492
SSC40430,0,6,14,4,5,29,0,29
SSC40431,338,1034,761,226,94,2445,95,2544
SSC40432,0,9,59,19,17,107,6,114
SSC40433,70,250,170,51,20,567,20,588
SSC40434,0,0,14,3,3,18,0,23
SSC40435,0,4,11,7,3,27,0,28
SSC40436,7,39,19,3,3,70,4,74
SSC40437,13,79,110,35,28,263,6,265
SSC40438,0,0,3,0,0,5,0,5
SSC40439,54,830,1624,608,273,3383,45,3428
SSC40440,0,7,17,15,3,55,3,58
SSC40441,0,9,47,22,13,84,0,84
SSC40442,0,0,0,0,0,0,0,0
SSC40443,125,640,728,202,103,1802,51,1849
SSC40444,0,9,10,3,3,25,3,29
SSC40445,0,3,0,0,3,5,0,5
SSC40446,0,3,12,5,4,24,0,24
SSC40447,0,24,39,16,6,81,3,86
SSC40448,63,256,166,42,20,546,12,563
SSC40449,0,15,47,40,23,125,7,128
SSC40450,0,3,0,0,0,4,0,4
SSC40451,0,11,4,8,3,23,0,23
SSC40452,0,0,0,0,0,3,0,3
SSC40453,0,3,3,4,4,18,0,15
SSC40454,0,0,5,3,6,18,0,18
SSC40455,0,0,0,0,0,0,0,0
SSC40456,3,3,10,6,4,35,0,35
SSC40457,0,0,0,0,0,3,0,3
SSC40458,0,0,0,0,0,7,0,7
SSC40459,0,0,0,0,0,3,0,3
SSC40460,9,192,330,136,67,734,12,748
SSC40461,22,137,120,22,14,315,3,318
SSC40462,85,376,377,105,69,1008,39,1040
SSC40463,147,795,899,294,168,2316,61,2376
SSC40464,172,747,523,114,60,1615,57,1670
SSC40465,0,4,12,9,9,37,4,44
SSC40466,0,0,3,0,0,4,0,4
SSC40467,0,0,0,0,3,3,0,3
SSC40468,0,0,0,0,0,0,0,0
SSC40469,63,135,63,24,14,298,16,318
SSC40470,3,28,97,87,44,257,9,263
SSC40471,118,617,728,264,172,1911,44,1953
SSC40472,0,0,0,0,0,0,0,0
SSC40473,0,4,13,6,8,35,4,38
SSC40474,118,396,288,124,64,991,47,1035
SSC40475,61,175,113,27,14,394,19,419
SSC40476,0,3,13,11,0,34,0,34
SSC40477,0,28,26,6,13,70,0,66
SSC40478,10,85,91,28,11,219,6,223
SSC40479,0,19,15,9,8,45,0,43
SSC40480,0,0,0,0,3,0,0,0
SSC40481,8,5,4,0,0,10,0,10
SSC40482,0,0,6,5,3,17,0,15
SSC40483,0,0,0,0,0,0,0,0
SSC40484,0,0,0,0,0,0,0,0
SSC40485,0,3,0,0,0,3,0,3
SSC40486,0,3,6,4,0,13,0,13
SSC40487,78,265,198,56,26,621,30,649
SSC40488,0,3,3,0,0,9,0,9
SSC40489,0,3,11,5,3,28,0,32
SSC40490,160,562,434,127,48,1326,50,1370
SSC40491,6,15,3,0,3,36,3,38
SSC40492,15,104,104,42,27,290,18,307
SSC40493,128,462,384,98,59,1130,44,1171
SSC40494,35,155,84,19,8,293,9,305
SSC40495,24,188,271,95,49,613,24,639
SSC40496,11,254,328,86,41,724,11,734
SSC40497,0,22,49,30,23,127,3,129
SSC40498,0,49,92,67,24,220,10,227
SSC40499,0,0,0,0,0,0,0,0
SSC40500,227,755,402,56,25,1463,51,1517
SSC40501,182,622,551,162,57,1580,53,1637
SSC40502,203,1032,1008,244,92,2589,67,2653
SSC40503,85,439,308,68,49,946,22,967
SSC40504,170,830,822,215,90,2127,50,2173
SSC40505,0,8,17,7,4,24,0,24
SSC40506,200,592,264,46,13,1117,42,1157
SSC40507,45,288,319,79,34,764,15,778
SSC40508,0,24,53,26,12,119,3,126
SSC40509,10,83,135,70,44,342,18,359
SSC40510,120,367,242,58,13,797,34,826
SSC40511,158,1269,1485,494,277,3686,80,3763
SSC40512,3,29,49,19,4,102,3,108
SSC40513,0,0,10,0,4,19,0,19
SSC40514,0,4,4,0,0,9,0,9
SSC40515,126,519,385,97,26,1157,22,1181
SSC40516,88,567,256,73,38,1029,40,1066
SSC40517,31,417,338,74,27,881,26,912
SSC40518,10,155,177,33,17,396,18,414
SSC40519,19,196,157,46,14,426,26,454
SSC40520,0,3,8,0,0,11,0,9
SSC40521,5,8,27,20,19,70,4,80
SSC40522,0,3,10,0,0,13,0,13
SSC40523,0,0,4,4,3,18,0,19
SSC40524,156,869,868,260,116,2265,54,2325
SSC40525,0,13,22,3,9,56,0,56
SSC40526,0,15,6,4,0,26,0,26
SSC40527,0,4,6,0,0,18,0,16
SSC40528,96,449,357,81,37,1016,35,1050
SSC40529,0,27,80,20,14,147,3,150
SSC40530,4,71,163,90,33,367,11,373
SSC40531,0,3,10,0,3,20,0,20
SSC40532,101,988,1369,478,243,3169,62,3230
SSC40533,20,251,493,244,158,1175,23,1199
SSC40534,3,12,3,3,7,36,0,38
SSC40535,0,0,0,3,3,6,0,5
SSC40536,10,88,112,51,31,293,12,300
SSC40537,0,4,11,7,7,31,0,30
SSC40538,65,604,554,174,62,1457,54,1511
SSC40539,197,631,393,118,50,1385,70,1457
SSC40540,0,0,0,0,4,9,0,9
SSC40541,54,110,50,20,8,235,10,247
SSC40542,31,288,352,135,73,889,27,919
SSC40543,0,3,23,8,10,41,3,47
SSC40544,0,20,33,5,17,67,0,68
SSC40545,3,0,0,0,0,3,0,3
SSC40546,0,0,0,0,0,0,0,0
SSC40547,0,22,23,10,8,66,3,68
SSC40548,116,1319,1960,701,311,4407,89,4496
SSC40549,0,0,0,0,0,0,0,0
SSC40550,0,12,12,7,3,34,0,34
SSC40551,0,0,9,0,0,9,0,9
SSC40552,0,100,86,34,19,243,16,257
SSC40553,0,0,0,0,4,4,0,4
SSC40554,0,12,12,5,3,22,0,29
SSC40555,69,238,186,45,21,558,21,576
SSC40556,0,3,6,3,6,18,0,15
SSC40557,0,0,6,0,0,4,0,4
SSC40558,129,1345,1760,618,279,4135,95,4228
SSC40559,0,24,15,6,6,48,3,54
SSC40560,0,0,0,0,0,0,0,0
SSC40561,0,23,50,27,25,128,4,134
SSC40562,0,3,3,4,7,15,0,15
SSC40563,0,6,22,17,7,54,0,57
SSC40564,0,0,8,3,7,16,3,24
SSC40565,0,15,28,14,7,58,0,58
SSC40566,10,34,40,12,18,119,3,121
SSC40567,0,13,14,5,3,40,0,40
SSC40568,79,241,313,103,50,793,21,811
SSC40569,20,317,554,154,87,1141,12,1154
SSC40570,0,3,14,3,0,19,0,19
SSC40571,0,0,4,4,0,12,0,12
SSC40572,28,367,353,93,33,877,28,905
SSC40573,31,251,308,77,46,713,9,722
SSC40574,3,90,127,62,42,334,7,337
SSC40575,17,59,73,25,14,185,5,190
SSC40576,181,655,506,128,58,1521,42,1563
SSC40577,67,173,140,38,22,441,19,459
SSC40578,182,916,883,267,114,2354,53,2404
SSC40579,103,387,364,108,48,1018,43,1058
SSC40580,4,146,450,142,112,856,14,869
SSC40581,55,588,1116,330,182,2279,57,2335
SSC40582,26,201,231,71,18,539,12,558
SSC40583,0,20,52,26,19,120,0,119
SSC40584,0,11,12,7,7,36,0,36
SSC40585,34,500,726,234,146,1639,44,1677
SSC40586,137,499,476,116,39,1257,34,1290
SSC40587,40,196,67,30,18,350,20,362
SSC40588,0,7,11,0,4,20,0,20
SSC40589,38,139,109,31,8,330,8,336
SSC40590,0,0,0,0,0,0,0,0
SSC40591,14,27,25,5,3,74,6,76
SSC40592,5,204,245,70,30,559,22,584
SSC40593,0,11,7,13,6,29,0,36
SSC40594,3,25,65,41,38,174,0,174
SSC40595,142,514,469,114,57,1290,44,1328
SSC40596,0,5,17,7,3,28,6,34
SSC40597,0,0,0,0,0,3,0,3
SSC40598,0,3,9,3,0,20,0,21
SSC40599,0,3,14,15,8,41,0,41
SSC40600,0,0,0,0,0,0,0,0
SSC40601,252,1307,1013,293,147,3019,100,3120
SSC40602,0,5,3,4,0,12,0,14
SSC40603,0,0,3,0,0,3,0,3
SSC40604,0,0,3,0,0,3,0,3
SSC40605,0,18,70,35,42,163,5,168
SSC40606,112,526,420,101,49,1208,45,1251
SSC40607,0,3,15,4,10,35,3,39
SSC40608,0,0,3,0,0,8,0,8
SSC40609,0,13,54,24,36,132,3,139
SSC40610,103,603,578,142,67,1488,53,1542
SSC40611,39,237,254,69,30,621,15,633
SSC40612,0,13,18,12,14,55,0,53
SSC40613,246,1360,1232,310,135,3284,106,3390
SSC40614,3,16,48,31,24,117,0,120
SSC40615,0,3,0,0,0,6,0,6
SSC40616,0,3,3,3,0,9,0,9
SSC40617,0,0,3,0,0,6,0,6
SSC40618,0,25,50,26,13,119,7,125
SSC40619,0,0,0,0,0,3,4,5
SSC40620,0,0,0,0,0,0,0,0
SSC40621,13,27,26,10,3,70,4,72
SSC40622,0,15,69,50,26,160,4,167
SSC40623,0,3,0,0,0,6,0,6
SSC40624,0,3,9,3,0,13,0,12
SSC40625,0,0,0,0,0,0,0,0
SSC40626,22,17,8,7,0,50,0,50
SSC40627,0,3,5,7,3,21,0,21
SSC40628,0,9,6,3,0,17,0,20
SSC40629,29,213,235,110,53,644,23,664
SSC40630,0,0,0,0,0,0,0,0
SSC40631,0,4,3,0,0,7,0,7
SSC40632,3,34,55,28,18,130,0,131
SSC40633,0,18,36,17,22,91,0,97
SSC40634,0,5,8,12,6,33,3,34
SSC40635,0,0,0,0,0,3,0,3
SSC40636,24,130,171,61,22,408,6,415
SSC40637,0,0,0,0,0,0,0,0
SSC40638,0,3,3,0,0,10,0,14
SSC40639,0,13,25,21,19,77,0,84
SSC40640,75,428,405,117,59,1085,56,1143
SSC40641,0,4,8,9,4,14,0,14
SSC40642,0,0,0,0,0,4,4,6
SSC40643,0,0,0,3,3,8,0,10
SSC40644,5,53,63,29,26,175,9,182
SSC40645,0,27,56,25,28,130,3,134
SSC40646,0,0,3,3,0,8,3,9
SSC40647,7,4,0,0,0,17,0,12
SSC40648,0,6,3,0,3,4,0,4
SSC40649,27,13,4,0,0,49,0,55
SSC40650,3,54,122,70,53,310,13,320
SSC40651,0,3,15,10,9,34,0,37
SSC40652,0,4,0,0,0,8,0,8
SSC40653,0,0,0,3,0,3,0,3
SSC40654,0,44,116,36,36,231,7,238
SSC40655,0,4,6,0,0,10,0,16
SSC40656,3,4,0,0,0,4,0,10
SSC40657,0,0,0,3,0,3,0,3
SSC40658,0,3,7,3,0,13,0,13
SSC40659,0,0,0,0,0,0,0,0
SSC40660,60,415,438,163,92,1167,39,1206
SSC40661,0,7,12,0,5,22,0,26
SSC40662,0,0,4,3,0,5,0,4
SSC40663,0,3,9,5,3,18,0,18
SSC40664,5,69,69,26,23,199,8,202
SSC40665,0,0,5,0,4,15,0,15
SSC40666,0,0,0,0,0,0,0,0
SSC40667,0,4,4,6,6,27,3,25
SSC40668,27,146,219,70,28,494,24,512
SSC40669,0,4,0,0,0,9,0,9
SSC40670,0,5,5,5,5,19,0,19
SSC40671,142,409,221,39,9,825,22,846
SSC40672,82,456,345,92,45,1018,25,1038
SSC40673,61,362,361,98,37,921,24,943
SSC40674,106,257,110,20,5,509,13,520
SSC40675,0,8,38,17,23,91,0,91
SSC40676,0,0,9,0,6,23,0,18
SSC40677,0,5,3,5,4,23,0,24
SSC40678,0,64,175,85,49,377,15,389
SSC40679,35,155,70,28,7,299,6,302
SSC40680,0,0,0,0,0,0,0,0
SSC40681,0,18,38,25,25,108,3,106
SSC40682,0,0,13,4,7,25,0,20
SSC40683,0,0,4,0,0,3,0,3
SSC40684,82,446,492,164,104,1289,34,1321
SSC40685,0,3,6,3,5,15,0,18
SSC40686,345,777,494,132,85,1835,90,1922
SSC40687,91,247,200,59,27,616,22,641
SSC40688,9,74,115,40,10,248,7,252
SSC40689,0,3,0,0,0,4,0,4
SSC40690,40,84,83,22,4,229,11,243
SSC40691,67,285,273,61,31,718,39,754
SSC40692,0,0,3,4,3,16,0,16
SSC40693,0,34,53,21,10,116,8,121
SSC40694,3,89,81,24,11,207,9,214
SSC40695,24,198,222,64,30,539,35,578
SSC40696,70,330,327,80,56,857,13,866
SSC40697,276,1103,788,187,66,2420,84,2506
SSC40698,0,0,3,4,0,11,0,11
SSC40699,0,0,0,0,0,0,0,0
SSC40700,0,0,0,0,0,0,0,0
SSC40701,0,0,0,4,0,0,0,0
SSC40702,0,14,24,17,17,69,0,74
SSC40703,0,0,0,0,0,0,0,0
SSC40704,4,12,35,15,12,76,0,73
SSC40705,0,9,12,7,7,30,0,30
SSC40706,0,0,8,3,4,13,0,19
SSC40707,15,22,3,0,3,40,5,47
SSC40708,0,0,0,0,0,0,0,0
SSC40709,0,3,4,3,6,22,3,22
SSC40710,0,6,12,3,3,23,0,23
SSC40711,0,0,3,0,0,8,0,8
SSC40712,0,0,11,3,4,22,0,22
SSC40713,0,6,7,8,6,24,0,24
SSC40714,0,11,27,24,11,78,3,82
SSC40715,0,0,0,0,0,0,0,0
SSC40716,0,3,9,3,3,25,3,26
SSC40717,0,0,0,0,0,3,0,3
SSC40718,6,23,59,35,28,157,4,163
SSC40719,0,8,21,20,12,69,0,67
SSC40720,0,3,4,0,0,7,0,7
SSC40721,0,3,5,3,0,19,3,21
SSC40722,120,574,310,77,35,1124,35,1160
SSC40723,0,3,15,9,11,27,0,31
SSC40724,0,5,10,3,3,18,0,24
SSC40725,0,5,12,12,9,45,3,41
SSC40726,0,6,6,0,3,10,0,10
SSC40727,0,3,10,3,4,15,0,15
SSC40728,0,0,0,0,0,0,0,0
SSC40729,0,0,0,0,0,0,0,0
SSC40730,0,3,0,0,0,4,0,4
SSC40731,0,0,0,0,0,0,0,0
SSC40732,0,0,0,0,0,0,0,0
SSC40733,0,0,0,0,0,0,0,0
SSC40734,0,0,0,0,0,0,0,0
SSC40735,0,0,0,0,0,0,0,0
SSC40736,0,0,0,0,0,0,0,0
SSC40737,0,7,5,3,3,19,0,26
SSC40738,0,0,0,0,0,0,0,0
SSC40739,0,0,0,0,0,4,0,4
SSC40740,11,84,116,55,37,303,16,315
SSC40741,0,42,54,31,21,155,8,159
SSC40742,0,0,0,0,0,3,0,3
SSC40743,118,526,593,181,87,1504,39,1544
SSC40744,123,566,542,152,71,1462,48,1509
SSC40745,12,90,89,59,29,277,8,287
SSC40746,0,0,0,3,3,4,0,4
SSC40747,0,0,6,3,3,24,0,24
SSC40748,80,317,188,57,33,676,19,692
SSC40749,0,8,19,13,3,41,3,40
SSC40750,0,3,4,0,8,21,0,21
SSC40751,3,26,26,12,11,70,0,78
SSC40752,0,3,5,6,3,18,0,18
SSC40753,0,34,74,45,28,172,4,181
SSC40754,7,162,386,229,180,962,21,984
SSC40755,0,19,40,18,12,85,0,85
SSC40756,0,0,0,0,0,5,0,5
SSC40757,0,3,0,0,0,0,0,0
SSC40758,45,344,273,63,22,740,16,758
SSC40759,0,0,0,0,0,0,0,0
SSC40760,0,4,3,5,0,17,0,17
SSC40761,3,15,34,16,3,80,3,77
SSC40762,0,3,0,0,0,5,0,5
SSC40763,16,266,474,173,80,1011,31,1044
SSC40764,35,292,374,120,87,911,18,927
SSC40765,0,6,12,12,13,38,0,38
SSC40766,0,14,17,6,10,43,3,48
SSC40767,4,26,37,18,17,111,3,107
SSC40768,128,768,819,280,113,2109,51,2160
SSC40769,0,3,11,4,10,24,3,31
SSC40770,0,3,8,3,3,20,0,20
SSC40771,0,18,41,19,17,89,0,89
SSC40772,0,0,0,0,0,8,0,8
SSC40773,0,26,26,9,3,63,0,62
SSC40774,0,65,93,33,38,223,10,237
SSC40775,0,3,4,9,0,15,0,15
SSC40776,0,6,4,0,4,9,0,9
SSC40777,0,0,4,3,7,14,0,14
SSC40778,0,7,23,19,16,68,3,70
SSC40779,0,29,72,27,30,153,0,160
SSC40780,0,19,22,17,19,69,0,69
SSC40781,52,303,337,90,37,817,16,831
SSC40782,101,618,672,253,125,1768,70,1838
SSC40783,6,81,108,57,42,291,11,295
SSC40784,4,56,78,45,37,224,8,230
SSC40785,0,3,7,0,0,4,0,7
SSC40786,0,0,3,0,3,5,0,5
SSC40787,23,170,302,96,84,677,20,695
SSC40788,3,13,39,17,3,76,3,82
SSC40789,3,35,49,17,10,120,4,124
SSC40790,0,3,12,3,11,28,0,32
SSC40791,3,105,235,102,64,499,8,512
SSC40792,0,35,56,34,33,161,3,167
SSC40793,0,3,13,9,8,38,0,33
SSC40794,0,0,3,3,0,10,0,10
SSC40795,0,3,3,5,8,23,0,23
SSC40796,0,0,0,0,3,5,0,5
SSC40797,322,1443,1235,303,115,3415,106,3515
SSC40798,0,0,0,0,0,0,0,0
SSC40799,26,147,204,52,32,462,16,482
SSC40800,0,0,3,0,0,6,0,6
SSC40801,0,7,0,7,0,13,0,13
SSC40802,8,82,127,67,27,313,11,322
SSC40803,0,0,7,3,0,9,0,9
SSC40804,0,0,0,0,0,4,0,4
SSC40805,48,292,375,121,72,912,23,935
SSC40806,0,0,7,0,0,8,0,11
SSC40807,0,0,4,5,8,17,0,13
SSC40808,0,0,0,0,0,0,0,0
SSC40809,0,3,7,3,13,22,0,22
SSC40810,29,175,201,64,28,497,12,509
SSC40811,62,418,370,143,70,1061,39,1098
SSC40812,3,13,18,8,12,51,3,59
SSC40813,172,461,474,142,58,1309,50,1359
SSC40814,0,3,0,3,5,9,0,9
SSC40815,0,4,0,5,9,25,0,23
SSC40816,0,8,16,9,3,40,0,40
SSC40817,0,3,12,3,5,23,0,23
SSC40818,0,0,15,3,7,22,0,22
SSC40819,131,501,274,61,30,989,35,1025
SSC40820,22,217,398,115,51,808,14,824
SSC40821,168,630,491,139,45,1478,54,1537
SSC40822,3,26,27,3,3,65,0,65
SSC40823,0,0,0,3,0,3,0,3
SSC40824,0,6,3,0,0,4,0,4
SSC40825,7,17,5,8,7,44,4,48
SSC40826,82,360,199,57,16,705,24,726
SSC40827,0,0,0,0,0,3,0,3
SSC40828,0,4,11,15,7,41,0,42
SSC40829,7,13,11,0,5,37,4,40
SSC40830,26,107,76,18,6,238,6,242
SSC40831,0,3,0,0,0,7,0,7
SSC40832,15,143,192,56,32,435,12,451
SSC40833,0,4,17,6,5,27,0,30
SSC40834,0,0,0,0,0,0,0,0
SSC40835,213,1758,1958,491,197,4620,75,4698
SSC40836,0,0,0,0,0,3,0,3
SSC40837,54,275,203,62,21,614,15,630
SSC40838,0,0,3,0,0,9,0,9
SSC40839,0,0,3,3,4,6,0,6
SSC40840,34,359,301,77,19,796,25,820
SSC40841,0,3,5,3,7,22,0,22
SSC40842,5,93,251,92,51,493,10,500
SSC40843,65,519,560,188,119,1460,45,1505
SSC40844,9,89,242,85,57,487,10,494
SSC40845,4,75,157,65,48,354,3,358
SSC40846,7,19,56,23,4,108,0,113
SSC40847,0,33,42,27,18,122,4,129
SSC40848,117,330,298,87,39,870,33,904
SSC40849,0,6,6,0,0,5,0,12
SSC40850,0,3,0,0,0,4,0,4
SSC40851,24,162,148,61,34,429,22,445
SSC40852,0,0,0,3,3,9,0,9
SSC40853,0,3,10,3,0,12,0,14
SSC40854,0,7,16,5,8,32,0,32
SSC40855,0,0,0,0,3,3,0,3
SSC40856,0,0,4,0,3,4,0,4
SSC40857,0,3,4,0,3,12,0,12
SSC40858,0,0,3,3,6,15,0,19
SSC40859,3,10,8,10,0,33,0,33
SSC40860,0,3,0,0,0,3,0,3
SSC40861,0,0,0,0,0,3,0,3
SSC40862,4,164,190,58,35,452,10,456
SSC40863,0,0,0,0,3,4,0,4
SSC40864,3,17,40,33,19,110,3,112
SSC40865,8,136,121,48,26,343,19,359
SSC40866,255,731,544,156,44,1725,44,1771
SSC40867,0,5,3,0,0,8,0,8
SSC40868,0,6,3,4,7,21,0,20
SSC40869,0,6,12,5,13,33,0,33
SSC40870,151,720,722,253,137,1979,77,2056
SSC40871,26,231,316,110,48,728,22,753
SSC40872,0,6,10,4,3,24,0,24
SSC40873,24,18,10,4,0,59,3,62
SSC40874,0,0,4,3,3,9,0,9
SSC40875,0,0,0,0,0,0,0,0
SSC40876,0,4,3,0,3,15,0,13
SSC40877,0,0,3,0,7,12,0,12
SSC40878,0,5,12,8,13,42,0,42
SSC40879,21,162,145,61,39,429,15,447
SSC40880,4,22,28,10,8,76,7,76
SSC40881,0,15,41,5,10,78,0,75
SSC40882,0,0,4,3,0,6,0,6
SSC40883,0,7,7,3,3,23,0,20
SSC40884,36,264,270,72,34,673,17,688
SSC40885,0,5,6,7,3,16,0,16
SSC40886,389,1036,662,161,49,2293,89,2382
SSC40887,0,0,4,3,0,10,0,10
SSC40888,36,330,398,137,57,957,31,981
SSC40889,0,0,0,0,0,0,0,0
SSC40890,0,17,37,15,14,80,4,82
SSC40891,185,907,657,168,74,1990,54,2043
SSC40892,92,819,1054,321,167,2461,58,2511
SSC40893,70,702,869,247,125,2011,43,2049
SSC40894,0,0,0,3,3,3,0,3
SSC40895,0,15,18,19,9,65,5,66
SSC40896,0,19,22,8,10,57,0,57
SSC40897,3,92,186,83,55,419,14,430
SSC40898,0,6,22,8,7,45,0,45
SSC40899,0,0,0,0,0,0,0,0
SSC40900,0,20,46,22,13,96,0,103
SSC40901,0,3,3,0,0,12,0,12
SSC40902,0,8,10,13,12,43,0,43
SSC40903,0,0,3,0,0,0,0,3
SSC40904,0,0,0,0,3,5,0,5
SSC40905,0,0,0,0,0,0,0,0
SSC40906,33,147,76,24,10,288,17,308
SSC40907,33,349,382,118,43,927,24,957
SSC40908,13,24,33,13,8,86,4,92
SSC40909,3,47,129,40,42,267,13,278
SSC40910,0,0,3,3,5,14,0,14
SSC40911,3,18,23,10,13,59,6,64
SSC40912,0,26,29,10,6,71,9,74
SSC40913,0,3,13,3,7,26,0,26
SSC40914,0,3,4,0,0,12,0,12
SSC40915,8,88,77,32,15,217,10,223
SSC40916,0,0,0,0,4,6,0,6
SSC40917,717,3838,3178,969,409,9103,300,9401
SSC40918,0,0,0,0,0,0,0,0
SSC40919,155,594,390,93,44,1276,45,1320
SSC40920,0,0,0,0,3,3,0,3
SSC40921,0,0,0,0,0,8,0,8
SSC40922,0,4,15,14,10,42,0,42
SSC40923,308,1790,1949,617,292,4960,156,5116
SSC40924,0,0,0,0,0,0,0,0
SSC40925,0,5,24,20,11,52,0,55
SSC40926,0,4,8,7,9,30,7,35
SSC40927,0,7,11,9,9,39,3,38
SSC40928,0,20,18,5,3,46,3,53
SSC40929,0,0,0,0,3,3,0,3
SSC40930,3,51,47,15,11,128,9,137
SSC40931,0,0,6,3,5,14,0,14
SSC40932,0,0,0,0,0,3,0,3
SSC40933,4,114,230,89,43,474,14,495
SSC40934,0,3,3,0,0,8,0,8
SSC40935,0,9,19,8,11,43,0,46
SSC40936,0,3,4,4,0,11,0,10
SSC40937,0,0,0,0,0,3,0,3
SSC40938,0,9,7,3,0,19,0,19
SSC40939,0,0,0,0,0,0,0,0
SSC40940,752,3892,3555,1085,447,9722,358,10082
SSC40941,0,16,45,25,12,93,0,99
SSC40942,0,3,7,0,3,19,0,19
SSC40943,0,8,19,11,10,53,0,53
SSC40944,0,0,0,0,0,0,0,0
SSC40945,0,12,23,13,10,52,3,54
SSC40946,0,4,10,3,3,22,0,22
SSC40947,0,9,0,0,3,17,0,17
SSC40948,0,0,13,6,4,21,0,24
SSC40949,0,7,8,9,6,25,0,25
SSC40950,0,0,0,0,0,4,0,4
SSC40951,0,23,73,28,10,142,3,143
SSC40952,16,128,164,54,41,403,5,403
SSC40953,0,13,36,11,16,80,4,80
SSC40954,0,5,0,4,3,10,0,12
SSC40955,0,3,8,0,0,12,0,12
SSC40956,3,39,107,47,39,241,10,243
SSC40957,0,0,0,0,3,3,0,3
SSC40958,0,6,0,0,3,6,0,5
SSC40959,0,0,4,7,9,18,0,18
SSC40960,0,0,6,3,3,11,11,22
SSC40961,0,0,4,3,6,13,0,15
SSC40962,0,19,39,17,8,83,7,93
SSC40963,0,0,0,0,0,0,0,0
SSC40964,0,4,5,7,3,12,0,12
SSC40965,0,3,0,0,0,3,0,3
SSC40966,0,13,18,16,9,54,0,50
SSC40967,0,27,70,34,24,165,0,165
SSC40968,0,3,10,7,6,28,0,24
SSC40969,0,3,0,0,3,10,3,10
SSC40970,135,623,494,91,37,1374,54,1422
SSC40971,3,11,26,10,14,60,3,62
SSC40972,48,622,897,205,96,1865,55,1918
SSC40973,0,13,17,7,3,31,0,39
SSC40974,0,5,3,10,3,26,0,26
SSC40975,0,0,0,3,0,9,0,9
SSC40976,0,5,4,3,0,16,0,16
SSC40977,6,3,3,0,0,14,0,14
SSC40978,0,0,3,3,0,5,0,5
SSC40979,518,2260,1805,583,276,5439,252,5689
SSC40980,3,103,156,77,68,407,9,413
SSC40981,0,11,8,17,8,44,4,49
SSC40982,3,19,28,10,12,66,4,67
SSC40983,0,13,6,8,0,25,0,25
SSC40984,0,16,22,15,11,61,0,63
SSC40985,0,0,7,5,3,11,0,11
SSC40986,5,62,173,72,47,361,10,367
SSC40987,0,29,63,45,19,165,3,167
SSC40988,3,77,99,42,38,259,6,272
SSC40989,0,3,7,0,0,17,0,17
SSC40990,100,409,365,128,53,1047,31,1073
SSC40991,0,0,0,0,0,0,0,0
SSC40992,0,0,0,0,0,0,0,0
SSC40993,0,0,0,0,0,0,0,0
SSC40994,74,289,302,99,27,792,28,816
SSC40995,0,3,3,4,3,14,0,14
SSC40996,31,519,849,266,128,1780,41,1821
SSC40997,0,4,0,0,6,12,0,12
SSC40998,0,11,31,14,18,72,3,76
SSC40999,15,66,80,23,17,199,7,205
SSC41000,0,0,10,4,7,18,0,18
SSC41001,7,45,106,52,33,239,3,243
SSC41002,119,731,890,294,135,2174,104,2276
SSC41003,0,3,8,9,8,28,0,25
SSC41004,15,17,16,6,3,62,5,65
SSC41005,0,0,0,0,4,10,0,10
SSC41006,0,3,5,10,8,26,0,26
SSC41007,0,0,0,0,3,3,0,6
SSC41008,0,14,22,10,15,66,0,63
SSC41009,0,3,13,3,7,31,3,35
SSC41010,10,6,5,0,3,29,0,29
SSC41011,0,17,25,8,6,50,3,57
SSC41012,15,126,228,78,43,494,8,508
SSC41013,0,4,6,4,3,14,0,14
SSC41014,59,298,243,74,26,707,24,729
SSC41015,22,194,100,11,6,338,6,347
SSC41016,0,3,13,8,3,29,0,29
SSC41017,18,131,184,69,42,438,14,450
SSC41018,0,0,3,0,0,3,0,3
SSC41019,0,8,9,8,3,18,0,18
SSC41020,128,665,645,219,122,1779,46,1831
SSC41021,0,3,6,3,8,17,0,17
SSC41022,0,0,0,0,0,0,0,0
SSC41023,0,27,15,18,12,73,3,75
SSC41024,0,3,7,8,9,23,0,23
SSC41025,11,37,30,3,0,83,0,86
SSC41026,145,587,514,141,71,1455,52,1509
SSC41027,0,8,4,5,0,18,0,18
SSC41028,22,297,272,68,23,675,20,693
SSC41029,345,1299,740,142,55,2584,85,2667
SSC41030,4,74,102,20,3,208,6,215
SSC41031,0,0,0,0,3,10,0,10
SSC41032,33,259,313,98,43,743,16,757
SSC41033,0,0,0,0,0,0,0,0
SSC41034,109,718,850,347,151,2176,51,2226
SSC41035,3,85,68,16,14,191,5,198
SSC41036,142,502,387,115,49,1193,48,1242
SSC41037,7,40,70,23,8,147,7,148
SSC41038,0,3,0,0,0,3,0,3
SSC41039,0,0,0,0,0,3,0,3
SSC41040,3,34,45,16,7,106,0,103
SSC41041,155,615,480,111,38,1403,57,1456
SSC41042,58,814,1019,237,70,2195,33,2226
SSC41043,4,33,74,31,15,162,8,168
SSC41044,353,1237,815,149,54,2612,74,2680
SSC41045,0,0,0,0,0,3,0,3
SSC41046,88,306,384,99,41,927,36,959
SSC41047,0,0,0,0,0,3,0,3
SSC41048,0,0,3,3,4,10,0,10
SSC41049,129,922,938,333,177,2499,47,2547
SSC41050,0,0,3,4,0,14,0,14
SSC41051,0,3,6,0,3,7,0,7
SSC41052,41,349,441,144,52,1023,25,1050
SSC41053,61,360,249,68,34,773,28,804
SSC41054,3,71,128,54,45,302,11,308
SSC41055,114,552,514,113,52,1341,38,1380
SSC41056,0,0,0,0,0,0,0,0
SSC41057,282,744,432,114,35,1611,55,1663
SSC41058,3,16,57,35,26,137,7,150
SSC41059,0,0,5,0,0,5,0,5
SSC41060,0,0,0,0,0,7,0,7
SSC41061,22,169,217,73,36,519,20,538
SSC41062,77,524,487,154,62,1301,45,1350
SSC41063,0,0,0,0,0,0,0,0
SSC41064,0,0,0,0,0,0,0,0
SSC41065,3,46,147,72,71,343,10,353
SSC41066,8,152,344,202,125,829,13,841
SSC41067,0,0,0,0,0,3,0,3
SSC41068,12,24,6,4,8,59,5,59
SSC41069,10,71,85,42,28,241,11,247
SSC41070,91,308,262,64,30,750,35,785
SSC41071,112,327,315,109,41,904,36,933
SSC41072,0,5,0,0,0,5,0,5
SSC41073,0,0,12,8,0,17,0,18
SSC41074,58,133,91,17,3,295,9,306
SSC41075,4,57,69,26,18,186,4,187
SSC41076,0,27,37,33,20,111,3,114
SSC41077,0,10,17,23,13,67,0,67
SSC41078,0,4,16,13,11,54,0,54
SSC41079,3,3,14,8,9,29,0,31
SSC41080,0,0,0,0,0,0,0,3
SSC41081,0,3,6,4,9,25,0,27
SSC41082,3,24,23,16,10,73,3,72
SSC41083,0,0,0,0,0,3,0,3
SSC41084,41,284,349,121,53,840,29,872
SSC41085,118,904,925,289,122,2354,59,2416
SSC41086,119,533,419,116,47,1230,48,1282
SSC41087,91,451,406,122,48,1112,39,1149
SSC41088,0,4,0,0,3,8,0,8
SSC41089,0,20,73,24,22,135,7,142
SSC41090,198,998,890,280,152,2512,70,2579
SSC41091,0,0,0,0,0,0,0,0
SSC41092,389,1910,2158,757,359,5570,188,5758
SSC41093,227,1681,2238,772,396,5309,147,5455
SSC41094,0,0,3,0,0,0,0,7
SSC41095,0,0,0,0,0,0,0,0
SSC41096,0,3,10,11,7,27,0,27
SSC41097,3,15,42,10,4,80,7,83
SSC41098,0,8,24,8,14,63,3,65
SSC41099,21,121,163,45,35,384,15,399
SSC41100,0,10,33,18,11,74,8,78
SSC41101,142,529,365,100,36,1177,49,1229
SSC41102,179,825,693,140,61,1896,44,1945
SSC41103,0,0,0,0,0,0,0,0
SSC41104,4,14,15,8,4,53,7,59
SSC41105,0,10,10,3,5,32,0,33
SSC41106,0,3,7,4,4,12,0,12
SSC41107,92,503,390,115,59,1158,31,1193
SSC41108,0,19,19,12,7,61,0,60
SSC41109,0,0,6,4,9,22,4,20
SSC41110,140,509,287,64,32,1034,36,1071
SSC41111,66,268,208,64,30,636,15,648
SSC41112,0,14,20,10,4,48,0,51
SSC41113,0,0,7,5,0,12,0,17
SSC41114,0,3,3,0,3,14,0,14
SSC41115,0,0,0,0,4,9,0,9
SSC41116,0,6,11,5,5,24,0,27
SSC41117,0,14,8,4,0,31,0,31
SSC41118,0,11,11,6,4,30,0,38
SSC41119,0,3,0,0,0,3,0,3
SSC41120,23,159,109,31,23,336,13,350
SSC41121,3,17,27,24,30,94,0,94
SSC41122,4,39,49,10,7,103,5,110
SSC41123,196,420,415,166,60,1250,75,1330
SSC41124,28,184,233,97,55,590,19,611
SSC41125,4,25,34,20,19,95,9,101
SSC41126,0,24,76,29,17,153,0,153
SSC41127,0,15,25,7,8,51,3,50
SSC41128,0,3,10,0,3,19,0,19
SSC41129,0,3,6,6,5,24,0,21
SSC41130,83,284,179,71,21,641,45,685
SSC41131,55,247,153,29,12,497,14,514
SSC41132,0,0,9,6,3,22,0,20
SSC41133,0,3,3,3,3,11,0,11
SSC41134,0,0,5,0,4,12,0,13
SSC41135,0,3,5,8,6,22,0,22
SSC41136,0,7,11,5,3,30,0,31
SSC41137,3,19,56,26,12,122,0,128
SSC41138,0,0,4,6,0,7,0,7
SSC41139,0,3,10,5,4,18,0,19
SSC41140,0,3,3,3,0,10,3,12
SSC41141,0,0,3,0,0,3,0,3
SSC41142,0,0,0,0,0,0,0,0
SSC41143,0,4,4,7,7,21,0,21
SSC41144,0,15,18,7,4,38,0,37
SSC41145,0,12,12,8,9,36,0,36
SSC41146,0,0,3,7,5,21,0,21
SSC41147,0,0,6,8,11,24,0,24
SSC41148,0,10,18,5,0,31,0,33
SSC41149,15,71,99,55,28,262,21,281
SSC41150,18,17,7,0,0,37,0,38
SSC41151,0,0,4,6,3,11,0,11
SSC41152,0,3,4,6,8,14,0,14
SSC41153,211,907,581,148,80,1934,54,1992
SSC41154,167,516,464,131,39,1318,49,1365
SSC41155,0,4,3,5,0,11,0,11
SSC41156,0,4,0,0,0,7,0,9
SSC41157,0,14,7,0,9,35,0,36
SSC41158,10,10,6,0,0,30,4,33
SSC41159,0,0,0,0,4,7,0,7
SSC41160,0,4,7,6,3,26,0,26
SSC41161,3,50,56,15,11,133,3,135
SSC41162,0,0,0,0,0,0,0,0
SSC41163,0,0,5,3,3,15,0,15
SSC41164,0,3,7,0,0,14,0,9
SSC41165,0,6,9,10,0,22,0,22
SSC41166,0,3,13,3,5,27,0,27
SSC41167,0,3,11,8,0,18,0,23
SSC41168,0,3,9,3,3,20,3,19
SSC41169,0,0,0,3,0,4,0,4
SSC41170,0,13,26,16,9,56,0,58
SSC41171,218,1057,954,280,138,2649,82,2732
SSC41172,0,0,0,0,0,4,0,4
SSC41173,114,245,141,22,14,539,23,565
SSC41174,0,0,0,0,0,0,0,0
SSC41175,327,1060,740,232,83,2439,119,2562
SSC41176,118,574,523,191,68,1466,58,1527
SSC41177,0,0,4,0,0,9,0,9
SSC41178,34,194,194,55,31,507,22,529
SSC41179,0,0,0,0,0,0,0,0
SSC41180,43,403,300,70,36,847,35,884
SSC41181,3,0,5,8,10,29,0,28
SSC41182,6,62,58,21,12,162,8,174
SSC41183,0,3,4,0,0,4,0,4
SSC41184,3,78,99,35,14,222,4,227
SSC41185,0,4,7,3,5,26,0,26
SSC41186,0,10,14,4,0,27,0,27
SSC41187,390,1919,2039,598,232,5181,207,5388
SSC41188,8,85,111,55,29,290,15,306
SSC41189,3,43,30,19,3,99,0,102
SSC41190,0,9,13,3,0,29,3,33
SSC41191,3,29,38,14,3,97,3,96
SSC41192,82,448,411,135,41,1119,34,1146
SSC41193,29,312,465,129,61,1005,34,1042
SSC41194,0,6,7,10,0,19,3,22
SSC41195,11,14,3,3,0,37,3,41
SSC41196,123,592,510,184,93,1499,57,1555
SSC41197,194,484,285,75,31,1071,50,1118
SSC41198,0,10,6,3,3,25,0,25
SSC41199,3,56,51,28,5,148,9,153
SSC41200,9,94,85,27,13,227,3,237
SSC41201,12,87,89,26,19,236,18,259
SSC41202,28,256,243,72,45,639,18,653
SSC41203,0,0,0,0,0,0,0,0
SSC41204,0,33,28,4,10,79,4,83
SSC41205,0,0,0,0,0,3,0,3
SSC41206,410,1757,1843,528,255,4798,125,4922
SSC41207,0,5,17,20,11,56,0,56
SSC41208,51,39,7,0,0,105,0,107
SSC41209,0,0,0,4,0,5,0,5
SSC41210,0,4,8,3,7,19,0,19
SSC41211,0,7,5,3,0,12,0,15
SSC41212,0,0,0,0,0,0,0,0
SSC41213,0,5,5,3,3,20,0,17
SSC41214,0,3,28,14,6,52,0,52
SSC41215,0,0,9,4,0,9,0,9
SSC41216,3,3,6,7,4,27,0,28
SSC41217,4,0,10,0,3,25,5,26
SSC41218,126,386,227,60,25,826,32,857
SSC41219,0,0,0,0,0,0,0,0
SSC41220,27,175,187,76,47,509,20,532
SSC41221,0,3,8,3,0,18,0,18
SSC41222,0,7,33,7,5,55,5,60
SSC41223,0,8,22,11,7,43,3,47
SSC41224,0,3,0,6,7,21,0,26
SSC41225,0,6,0,0,3,8,3,9
SSC41226,0,4,11,4,15,35,0,40
SSC41227,0,16,22,15,13,70,0,68
SSC41228,0,28,17,12,6,61,0,67
SSC41229,45,549,890,307,132,1916,40,1959
SSC41230,0,5,6,10,6,37,0,35
SSC41231,0,8,15,10,14,52,0,52
SSC41232,0,0,0,0,0,0,0,0
SSC41233,0,27,71,29,7,131,4,138
SSC41234,0,17,29,19,12,81,0,79
SSC41235,154,782,612,161,68,1785,97,1879
SSC41236,4,60,95,39,36,229,6,233
SSC41237,4,22,60,30,14,127,5,132
SSC41238,8,96,178,102,58,435,20,453
SSC41239,122,291,184,61,16,676,25,699
SSC41240,76,726,724,249,94,1876,40,1911
SSC41241,51,307,295,100,44,798,22,827
SSC41242,0,20,24,7,5,57,0,61
SSC41243,123,624,442,104,49,1338,48,1390
SSC41244,112,705,567,171,69,1626,31,1654
SSC41245,69,201,132,41,9,461,25,483
SSC41246,174,647,459,159,72,1510,75,1580
SSC41247,51,291,315,88,79,817,23,843
SSC41248,5,62,102,80,37,285,10,297
SSC41249,0,3,3,3,0,10,0,10
SSC41250,22,169,130,50,36,403,27,430
SSC41251,14,154,171,61,21,423,15,436
SSC41252,4,39,37,18,10,112,3,111
SSC41253,0,0,0,0,3,4,0,4
SSC41254,0,22,31,22,12,81,3,87
SSC41255,0,10,20,16,3,54,0,52
SSC41256,0,12,16,10,3,35,0,38
SSC41257,0,0,3,0,6,6,0,6
SSC41258,0,0,0,0,0,0,0,0
SSC41259,0,3,3,0,0,14,0,14
SSC41260,41,177,196,60,24,503,4,507
SSC41261,0,10,18,14,11,59,4,60
SSC41262,3,20,31,8,4,59,0,55
SSC41263,186,548,419,122,54,1330,48,1373
SSC41264,3,49,118,63,64,297,17,314
SSC41265,28,172,224,77,45,544,10,554
SSC41266,176,1036,1105,323,138,2772,86,2861
SSC41267,0,10,21,10,12,49,0,51
SSC41268,26,315,568,162,73,1150,32,1177
SSC41269,146,475,410,110,50,1196,41,1236
SSC41270,25,153,188,58,19,448,6,453
SSC41271,0,3,12,9,6,29,0,31
SSC41272,8,3,3,0,0,15,0,15
SSC41273,3,80,58,23,25,191,8,200
SSC41274,0,0,3,0,0,3,0,3
SSC41275,452,1445,778,219,119,3014,161,3171
SSC41276,211,807,712,237,118,2084,93,2179
SSC41277,290,1435,1152,343,151,3376,111,3489
SSC41278,26,434,760,326,187,1736,28,1766
SSC41279,422,1476,1122,359,112,3484,149,3636
SSC41280,48,355,293,94,43,836,23,858
SSC41281,46,182,150,46,28,445,21,466
SSC41282,10,0,0,0,0,10,3,15
SSC41283,0,3,5,0,0,7,3,11
SSC41284,0,0,8,3,3,19,0,19
SSC41285,0,0,0,0,0,5,0,5
SSC41286,3,5,17,8,10,41,0,41
SSC41287,0,5,4,3,7,18,0,21
SSC41288,0,6,3,13,10,31,0,31
SSC41289,0,8,13,6,0,30,5,31
SSC41290,0,3,13,4,14,30,0,34
SSC41291,0,4,8,0,0,14,0,14
SSC41292,0,16,22,24,21,82,8,94
SSC41293,0,4,12,13,7,33,0,34
SSC41294,0,6,4,0,0,13,0,13
SSC41295,0,9,4,7,0,17,0,17
SSC41296,0,0,0,0,0,0,0,0
SSC41297,0,16,33,12,12,70,3,78
SSC41298,44,302,324,84,22,770,16,785
SSC41299,42,328,407,121,51,954,28,983
SSC41300,145,580,378,82,24,1207,46,1254
SSC41301,21,166,245,70,32,530,17,546
SSC41302,93,728,587,169,72,1650,57,1699
SSC41303,0,4,12,3,0,21,0,21
SSC41304,54,489,639,108,46,1335,22,1355
SSC41305,135,765,854,268,110,2128,74,2204
SSC41306,0,0,0,0,0,0,0,0
SSC41307,465,1713,1340,399,162,4078,153,4230
SSC41308,34,288,440,162,54,977,26,1000
SSC41309,0,5,3,3,4,19,0,19
SSC41310,0,30,30,8,3,78,0,76
SSC41311,4,16,29,15,7,78,0,80
SSC41312,0,8,14,7,3,34,0,34
SSC41313,61,170,174,47,11,468,10,481
SSC41314,27,319,391,147,59,939,31,968
SSC41315,0,8,54,25,20,106,4,117
SSC41316,91,414,392,115,45,1047,29,1075
SSC41317,214,755,570,165,77,1779,71,1847
SSC41318,28,182,146,42,19,409,10,418
SSC41319,0,0,11,12,10,34,0,33
SSC41320,0,7,23,7,11,48,0,48
SSC41321,0,6,18,8,3,41,0,43
SSC41322,4,3,7,0,0,14,0,14
SSC41323,0,8,15,14,11,48,0,48
SSC41324,0,3,8,3,0,12,0,12
SSC41325,24,559,1134,331,178,2221,38,2258
SSC41326,0,0,3,0,4,10,0,12
SSC41327,0,3,7,7,9,25,0,27
SSC41328,0,5,12,3,8,26,0,26
SSC41329,0,3,0,0,0,3,0,3
SSC41330,0,3,3,0,0,11,0,11
SSC41331,0,23,49,19,9,100,5,105
SSC41332,0,7,5,7,5,19,3,20
SSC41333,145,352,254,56,26,832,41,877
SSC41334,139,415,280,91,18,940,53,989
SSC41335,6,21,43,13,12,97,9,104
SSC41336,3,84,64,29,8,197,10,204
SSC41337,0,0,3,5,11,22,0,22
SSC41338,61,203,123,39,10,425,23,451
SSC41339,216,829,799,232,115,2196,83,2275
SSC41340,74,436,358,108,28,1006,31,1039
SSC41341,0,3,3,0,3,11,0,11
SSC41342,0,6,7,3,3,22,0,26
SSC41343,175,776,597,151,42,1743,51,1789
SSC41344,0,23,46,25,10,106,4,109
SSC41345,9,29,44,18,11,114,3,119
SSC41346,0,0,0,0,0,0,0,0
SSC41347,0,5,4,5,5,22,0,22
SSC41348,0,13,17,7,4,40,0,40
SSC41349,0,3,9,3,7,20,0,20
SSC41350,0,42,73,34,31,184,3,188
SSC41351,3,59,119,37,31,255,3,259
SSC41352,0,0,3,3,5,8,0,8
SSC41353,60,544,624,226,86,1542,28,1572
SSC41354,39,303,268,49,22,677,14,692
SSC41355,14,171,282,69,30,563,12,577
SSC41356,0,4,3,3,0,10,0,13
SSC41357,0,0,0,0,0,5,0,5
SSC41358,3,23,11,3,0,44,0,45
SSC41359,0,0,8,3,3,17,0,17
SSC41360,103,444,372,94,39,1055,29,1080
SSC41361,64,254,208,52,19,597,8,606
SSC41362,66,393,486,147,79,1171,17,1187
SSC41363,0,0,8,3,4,13,0,13
SSC41364,0,22,77,20,19,137,9,139
SSC41365,11,88,109,29,23,256,4,261
SSC41366,0,3,0,5,5,15,0,15
SSC41367,0,0,8,0,0,7,0,7
SSC41368,0,0,0,0,0,0,0,0
SSC41369,48,161,124,27,16,374,13,385
SSC41370,0,3,10,7,3,25,0,25
SSC41371,46,340,491,124,86,1084,28,1106
SSC41372,16,195,322,130,78,740,32,766
SSC41373,7,26,32,16,18,100,0,104
SSC41374,3,24,80,24,12,149,6,153
SSC41375,0,0,3,3,3,8,0,8
SSC41376,0,0,0,0,0,6,0,6
SSC41377,0,0,11,5,0,17,0,17
SSC41378,0,5,4,0,0,15,0,11
SSC41379,0,3,17,6,9,39,6,42
SSC41380,4,92,203,62,33,399,7,405
SSC41381,0,0,5,0,0,5,0,5
SSC41382,90,798,990,348,180,2407,80,2489
SSC41383,14,168,213,71,30,495,27,521
SSC41384,0,0,4,3,3,15,0,14
SSC41385,0,0,0,0,0,7,0,7
SSC41386,0,0,0,0,0,0,0,0
SSC41387,0,0,0,0,0,0,0,0
SSC41388,126,457,318,90,28,1012,43,1057
SSC41389,0,11,4,0,0,15,0,15
SSC41390,3,42,102,43,33,219,7,228
SSC41391,5,36,52,23,21,138,8,150
SSC41392,0,0,3,3,4,9,0,9
SSC41393,0,5,8,0,0,16,0,18
SSC41394,0,3,18,0,5,27,3,30
SSC41395,0,3,5,4,3,13,0,13
SSC41396,44,417,553,163,74,1248,10,1259
SSC41397,0,3,7,3,3,17,0,17
SSC41398,0,16,83,43,36,183,0,188
SSC41399,7,36,37,22,7,108,15,115
SSC41400,0,6,22,15,9,47,0,50
SSC41401,0,0,0,3,6,3,0,3
SSC41402,38,279,238,93,43,696,25,721
SSC41403,0,3,4,0,3,7,0,7
SSC41404,0,0,0,0,0,3,0,3
SSC41405,3,37,63,42,27,173,4,178
SSC41406,81,652,696,223,131,1779,42,1826
SSC41407,171,515,370,124,34,1210,46,1256
SSC41408,0,3,8,5,0,15,0,15
SSC41409,0,0,8,3,3,11,0,13
SSC41410,0,0,0,0,0,0,0,0
SSC41411,0,4,3,4,0,16,0,20
SSC41412,0,25,36,16,18,95,5,98
SSC41413,0,4,3,4,0,6,0,11
SSC41414,3,68,66,29,18,176,3,183
SSC41415,0,14,40,15,7,75,3,79
SSC41416,0,3,0,0,0,3,0,3
SSC41417,0,14,36,23,21,89,0,91
SSC41418,56,408,506,177,93,1237,19,1255
SSC41419,0,0,0,0,0,0,0,0
SSC41420,0,8,17,12,8,39,0,35
SSC41421,3,3,10,8,13,37,3,38
SSC41422,12,158,198,61,39,462,8,467
SSC41423,0,3,3,0,0,8,0,10
SSC41424,3,79,122,53,30,284,7,293
SSC41425,0,19,21,8,6,52,7,56
SSC41426,0,0,3,0,3,9,0,9
SSC41427,0,23,21,0,3,49,0,49
SSC41428,0,10,20,16,8,55,0,55
SSC41429,124,272,176,31,10,617,26,638
SSC41430,14,50,71,25,18,182,13,193
SSC41431,0,0,6,5,3,9,0,9
SSC41432,0,29,38,16,5,92,5,95
SSC41433,3,15,25,8,10,60,3,61
SSC41434,0,0,8,7,0,12,3,19
SSC41435,0,0,0,3,3,8,0,8
SSC41436,0,13,40,23,13,85,5,88
SSC41437,0,19,32,12,8,74,4,73
SSC41438,4,29,39,3,0,80,8,83
SSC41439,0,3,3,4,3,15,0,15
SSC41440,4,49,67,39,16,175,6,184
SSC41441,0,3,4,3,3,8,0,8
SSC41442,0,0,7,5,0,8,0,8
SSC41443,0,13,23,26,14,78,0,86
SSC41444,0,5,5,0,0,14,0,13
SSC41445,68,328,385,119,63,969,17,986
SSC41446,0,0,0,4,0,4,0,4
SSC41447,0,0,0,0,0,0,0,0
SSC41448,43,315,407,118,54,937,30,962
SSC41449,0,4,10,8,7,25,0,25
SSC41450,191,645,463,139,63,1503,48,1551
SSC41451,0,0,0,0,3,5,0,5
SSC41452,0,0,0,0,0,7,4,9
SSC41453,0,3,15,9,10,36,0,38
SSC41454,0,4,3,3,3,17,0,17
SSC41455,107,528,544,155,77,1411,27,1438
SSC41456,30,181,165,58,23,459,8,473
SSC41457,29,294,476,195,84,1080,17,1096
SSC41458,0,35,72,38,34,183,3,188
SSC41459,0,17,27,6,0,50,3,50
SSC41460,45,287,248,75,39,687,33,717
SSC41461,3,37,37,13,21,111,0,113
SSC41462,0,0,3,0,0,6,0,6
SSC41463,21,193,222,61,44,543,9,554
SSC41464,17,189,340,179,113,830,35,869
SSC41465,0,0,0,0,0,4,0,5
SSC41466,0,0,4,0,0,4,0,4
SSC41467,0,0,0,0,0,0,0,0
SSC41468,0,12,34,26,29,96,0,103
SSC41469,0,0,0,0,0,0,0,0
SSC41470,0,0,3,0,3,7,0,7
SSC41471,0,0,7,5,0,8,0,8
SSC41472,88,356,314,89,45,898,32,928
SSC41473,0,10,25,5,12,48,3,50
SSC41474,172,729,566,127,50,1649,32,1683
SSC41475,20,127,233,90,37,506,12,523
SSC41476,0,0,0,0,0,0,0,0
SSC41477,0,14,41,18,14,94,0,94
SSC41478,7,75,170,60,31,345,0,348
SSC41479,7,44,83,41,16,199,7,203
SSC41480,0,0,10,0,3,20,0,20
SSC41481,8,124,149,58,15,358,8,369
SSC41482,0,0,0,0,3,5,0,5
SSC41483,47,317,328,99,41,835,17,854
SSC41484,83,838,950,257,101,2237,46,2282
SSC41485,0,0,3,0,0,3,0,3
SSC41486,0,12,8,5,0,30,0,32
SSC41487,0,17,30,9,9,77,0,77
SSC41488,0,0,7,10,9,31,0,29
SSC41489,210,886,532,139,79,1855,76,1932
SSC41490,0,6,7,6,9,32,0,31
SSC41491,17,160,225,112,71,581,25,608
SSC41492,9,105,165,53,28,360,11,371
SSC41493,0,8,9,3,6,27,3,32
SSC41494,0,3,4,0,4,12,0,8
SSC41495,81,399,357,148,83,1065,38,1103
SSC41496,3,29,50,23,20,118,0,118
SSC41497,3,18,17,6,4,46,0,49
SSC41498,112,448,324,127,39,1043,37,1080
SSC41499,65,377,510,156,60,1177,35,1210
SSC41500,0,4,14,4,0,26,0,26
SSC41501,0,3,0,0,0,9,0,9
SSC41502,113,602,501,145,79,1435,66,1502
SSC41503,8,55,65,24,4,153,10,159
SSC41504,0,0,12,6,3,21,0,21
SSC41505,0,0,0,0,0,0,0,0
SSC41506,0,0,0,0,0,3,0,3
SSC41507,0,3,5,0,0,9,0,9
SSC41508,0,0,0,0,0,0,0,0
SSC41509,0,3,14,0,4,18,0,18
SSC41510,0,4,4,0,4,14,0,11
SSC41511,0,6,7,3,14,30,0,30
SSC41512,0,0,0,0,3,3,0,3
SSC41513,4,9,18,11,11,59,0,58
SSC41514,0,27,25,11,10,83,3,85
SSC41515,0,4,10,9,5,27,3,31
SSC41516,0,0,22,8,0,27,0,29
SSC41517,0,3,0,4,0,8,0,8
SSC41518,0,3,10,3,6,21,0,21
SSC41519,0,6,16,13,11,42,3,45
SSC41520,0,7,3,4,4,20,3,20
SSC41521,0,10,28,17,16,71,0,73
SSC41522,0,0,0,0,0,0,0,0
SSC41523,3,40,50,23,18,135,7,144
SSC41524,157,861,761,220,93,2092,59,2147
SSC41525,0,13,12,8,6,38,3,46
SSC41526,0,3,0,0,0,7,0,7
SSC41527,0,3,3,0,3,6,3,12
SSC41528,0,34,116,40,22,210,6,215
SSC41529,0,0,0,0,0,0,0,0
SSC41530,0,0,0,0,11,13,0,13
SSC41531,0,5,20,14,3,47,3,47
SSC41532,3,6,12,4,11,31,0,31
SSC41533,16,205,121,53,38,428,16,451
SSC41534,0,31,56,20,12,114,0,115
SSC41535,0,0,0,0,0,0,0,0
SSC41536,0,5,14,9,15,50,0,50
SSC41537,19,184,286,94,40,629,14,638
SSC41538,0,3,9,8,7,21,0,22
SSC41539,0,0,4,3,0,6,0,5
SSC41540,0,3,5,0,8,17,0,17
SSC41541,66,314,220,43,28,669,17,690
SSC41542,0,6,3,3,0,25,0,24
SSC41543,0,0,0,0,0,0,0,0
SSC41544,0,21,24,4,3,49,4,55
SSC41545,0,4,3,5,7,20,0,26
SSC41546,27,129,111,33,17,324,12,333
SSC41547,0,22,35,15,8,80,3,83
SSC41548,3,21,27,10,3,67,3,68
SSC41549,0,0,9,0,0,11,0,11
SSC41550,94,690,786,234,96,1898,54,1952
SSC41551,0,0,0,0,0,0,0,0
SSC41552,129,531,596,143,71,1467,40,1506
SSC41553,69,264,210,50,18,610,19,628
SSC41554,122,920,911,292,131,2373,61,2433
SSC41555,53,389,506,143,79,1172,35,1207
SSC41556,0,0,0,5,3,11,0,11
SSC41557,44,169,122,31,15,381,13,389
SSC41558,0,0,6,0,0,6,0,6
SSC41559,60,304,348,104,47,864,15,874
SSC41560,0,9,7,12,13,41,0,40
SSC41561,0,0,3,0,3,8,0,8
SSC41562,0,0,0,0,3,11,0,11
SSC41563,0,6,12,5,10,39,0,41
SSC41564,0,0,0,3,3,9,0,9
SSC41565,3,22,28,7,8,60,0,60
SSC41566,0,0,0,0,0,3,0,3
SSC41567,0,3,5,3,0,17,0,17
SSC41568,0,0,8,0,0,8,0,9
SSC41569,0,21,46,23,15,110,4,116
SSC41570,0,4,5,4,0,14,0,14
SSC41571,109,488,518,186,77,1380,46,1430
SSC41572,0,0,0,0,0,0,0,0
SSC41573,26,220,275,92,40,654,14,671
SSC41574,365,1055,763,262,90,2538,110,2650
SSC41575,73,349,388,130,67,1013,44,1055
SSC41576,528,1126,701,234,82,2674,171,2844
SSC41577,0,5,8,7,0,19,0,20
SSC41578,0,6,3,3,0,14,0,14
SSC41579,0,0,0,0,3,3,0,3
SSC41580,0,9,13,20,14,57,3,57
SSC41581,0,11,11,4,6,32,4,37
SSC41582,0,0,3,0,0,6,0,8
SSC41583,0,0,8,4,3,16,0,16
SSC41584,0,5,18,10,14,48,0,49
SSC41585,0,0,12,3,4,20,0,20
SSC41586,75,553,517,172,60,1381,29,1411
SSC41587,0,0,0,0,0,0,3,9
SSC41588,4,211,420,158,120,913,30,936
SSC41589,0,0,0,0,3,4,0,4
SSC41590,0,0,3,0,0,3,0,3
SSC41591,0,0,0,4,0,4,0,4
SSC41592,0,3,3,0,4,14,0,11
SSC41593,0,0,3,0,8,12,0,12
SSC41594,0,0,0,0,0,0,0,0
SSC41595,22,237,357,133,75,826,27,848
SSC41596,0,6,18,10,9,46,0,49
SSC41597,0,36,62,32,17,139,3,144
SSC41598,0,24,45,25,28,118,3,121
SSC41599,0,53,86,41,32,212,6,223
SSC41600,0,10,25,12,6,53,3,59
SSC41601,165,838,797,172,63,2042,56,2095
SSC41602,21,75,39,22,10,165,11,181
SSC41603,0,19,53,37,16,122,8,125
SSC41604,0,0,0,0,0,0,0,0
SSC41605,0,0,4,4,3,9,0,9
SSC41606,3,49,59,38,19,174,3,174
SSC41607,0,0,0,0,0,0,0,0
SSC41608,0,5,3,0,4,8,0,8
SSC41609,5,36,12,0,4,58,0,65
SSC41610,0,9,14,11,4,35,0,38
SSC41611,0,8,21,7,0,42,0,45
SSC41612,3,16,46,21,12,101,7,102
SSC41613,0,0,0,0,0,3,0,3
SSC41614,0,0,4,5,9,17,0,24
SSC41615,3,21,17,15,13,68,0,64
SSC41616,0,0,0,0,0,0,0,0
SSC41617,0,12,9,6,3,26,3,33
SSC41618,0,5,7,3,9,19,0,19
SSC41619,0,0,0,0,0,0,0,0
SSC41620,0,0,9,5,3,18,0,18
SSC41621,0,13,37,24,18,85,4,88
SSC41622,127,1333,1638,553,317,3971,78,4049
SSC41623,0,50,90,25,18,190,0,195
SSC41624,0,3,19,4,0,27,0,31
SSC41625,0,3,9,3,3,19,0,25
SSC41626,0,20,25,9,8,70,0,70
SSC41627,26,275,365,143,83,891,19,908
SSC41628,94,319,226,79,44,769,33,798
SSC41629,138,372,208,65,28,818,49,868
SSC41630,111,366,290,83,38,894,42,934
SSC41631,62,210,233,67,40,606,23,632
SSC41632,115,444,423,138,53,1166,43,1212
SSC41633,108,458,412,105,54,1142,51,1195
SSC41634,0,34,22,8,3,68,0,71
SSC41635,0,0,3,0,4,6,0,6
SSC41636,0,0,0,9,5,13,0,13
SSC41637,0,0,7,0,4,10,0,10
SSC41638,0,0,12,3,6,16,0,22
SSC41639,0,3,0,0,0,6,0,6
SSC41640,0,32,25,6,3,67,0,70
SSC41641,0,4,0,0,0,4,0,4
SSC41642,0,44,120,65,49,286,10,293
SSC41643,0,0,3,3,3,13,0,13
SSC41644,14,73,80,48,18,237,10,246
SSC41645,0,0,6,7,13,21,0,21
SSC41646,0,6,15,13,8,33,0,36
SSC41647,0,12,11,3,11,35,0,35
SSC41648,141,882,1198,434,227,2880,74,2949
SSC41649,0,17,24,3,0,46,0,50
SSC41650,3,18,19,11,9,49,0,54
SSC41651,6,37,105,54,42,253,5,265
SSC41652,0,0,3,3,3,4,0,4
SSC41653,21,21,5,3,0,53,5,59
SSC41654,0,7,13,4,5,30,0,29
SSC41655,0,0,0,0,0,0,0,0
SSC41656,0,0,0,0,0,3,0,3
SSC41657,0,0,0,0,0,0,0,0
SSC41658,0,3,17,14,3,32,0,30
SSC41659,13,147,118,51,18,339,18,360
SSC41660,0,0,0,6,0,4,0,6
SSC41661,0,0,0,0,0,0,0,0
SSC41662,0,0,0,0,0,3,0,3
SSC41663,0,0,0,0,0,0,0,0
SSC41664,0,14,37,12,20,79,0,79
SSC41665,0,3,0,3,0,7,0,7
SSC41666,4,10,37,19,30,93,3,92
SSC41667,0,0,8,14,5,29,0,28
SSC41668,0,0,0,0,0,0,0,0
SSC41669,0,3,5,0,0,10,0,10
SSC41670,0,4,4,5,0,6,0,6
SSC41671,0,14,7,10,0,32,3,37
SSC41672,0,0,6,3,0,8,0,8
SSC41673,27,147,155,51,26,412,10,424
SSC41674,0,37,39,16,9,96,5,101
SSC41675,0,0,0,0,0,0,0,0
SSC41676,0,3,3,7,4,23,0,26
SSC41677,0,0,0,0,0,0,0,0
SSC41678,0,12,20,12,9,50,3,58
SSC41679,0,9,10,5,4,35,4,38
SSC41680,0,0,3,3,0,4,0,4
SSC49494,0,0,0,0,0,0,0,0
SSC49797,0,0,0,0,0,0,0,0
