SSC_CODE_2016,P_Tot_55_64,P_Tot_65_74,P_Tot_75_84,P_Tot_85ov,P_Tot_Tot
SSC40001,1022,541,224,107,5476
SSC40002,902,699,229,74,9586
SSC40003,0,0,0,0,0
SSC40004,5,5,0,0,24
SSC40005,8,0,0,0,14
SSC40006,116,47,29,11,747
SSC40007,148,90,30,15,851
SSC40008,456,356,94,21,1922
SSC40009,56,43,16,3,302
SSC40010,677,477,201,72,4651
SSC40011,12,20,0,0,73
SSC40012,140,78,34,7,861
SSC40013,25,11,0,3,181
SSC40014,23,10,0,0,70
SSC40015,9,10,0,0,34
SSC40016,17,3,0,3,79
SSC40017,9,3,0,0,124
SSC40018,0,3,0,0,6
SSC40019,32,41,10,0,121
SSC40020,0,0,0,0,3
SSC40021,0,0,0,0,10
SSC40022,27,10,3,3,113
SSC40023,22,23,20,3,135
SSC40024,0,0,0,0,4
SSC40025,3,0,0,0,13
SSC40026,199,74,34,10,2771
SSC40027,10,4,0,0,32
SSC40028,5,4,0,0,19
SSC40029,170,108,49,20,946
SSC40030,63,40,20,32,583
SSC40031,135,100,41,8,1180
SSC40032,0,3,0,0,14
SSC40033,3,0,0,0,5
SSC40034,0,0,0,0,4
SSC40035,0,0,0,0,8
SSC40036,11,4,0,0,38
SSC40037,0,0,0,0,4
SSC40038,104,92,51,23,448
SSC40039,3,0,0,0,42
SSC40040,37,30,8,0,185
SSC40041,34,25,0,0,141
SSC40042,17,9,0,0,59
SSC40043,173,112,57,17,1690
SSC40044,38,27,4,0,151
SSC40045,46,48,39,26,532
SSC40046,73,47,10,4,282
SSC40047,3,3,3,0,17
SSC40048,750,544,210,38,4420
SSC40049,65,43,10,8,777
SSC40050,91,61,14,11,350
SSC40051,97,56,21,8,340
SSC40052,0,5,0,0,14
SSC40053,11,5,3,0,49
SSC40054,6,3,7,0,64
SSC40055,5,0,0,0,16
SSC40056,20,25,9,0,85
SSC40057,15,3,4,0,43
SSC40058,0,0,0,0,3
SSC40059,0,0,0,0,3
SSC40060,0,0,0,0,0
SSC40061,122,102,52,20,766
SSC40062,3,8,0,0,15
SSC40063,0,0,0,0,3
SSC40064,8,7,3,4,36
SSC40065,163,124,46,14,846
SSC40066,0,0,0,0,6
SSC40067,5,3,0,0,21
SSC40068,6,3,0,0,18
SSC40069,262,253,91,29,1654
SSC40070,7,4,0,0,50
SSC40071,3,0,0,0,8
SSC40072,203,170,94,41,1140
SSC40073,0,0,0,0,0
SSC40074,0,0,0,0,3
SSC40075,4,3,0,0,15
SSC40076,5,0,0,3,38
SSC40077,5,0,0,0,10
SSC40078,35,18,6,0,169
SSC40079,5,10,0,0,28
SSC40080,4,3,3,0,20
SSC40081,62,58,12,3,282
SSC40082,0,0,0,0,3
SSC40083,7,0,0,0,29
SSC40084,340,209,98,47,1468
SSC40085,0,0,0,0,0
SSC40086,73,57,41,10,961
SSC40087,19,3,0,0,43
SSC40088,482,402,211,108,2603
SSC40089,6,0,0,0,26
SSC40090,6,3,0,0,29
SSC40091,255,245,183,74,1479
SSC40092,0,3,0,0,7
SSC40093,0,6,0,0,6
SSC40094,18,3,0,0,57
SSC40095,0,0,3,0,3
SSC40096,241,189,105,46,1656
SSC40097,17,12,0,0,72
SSC40098,9,3,0,0,22
SSC40099,136,99,37,14,886
SSC40100,97,31,16,6,688
SSC40101,34,10,3,3,135
SSC40102,0,0,0,0,3
SSC40103,15,7,0,0,38
SSC40104,0,0,0,0,0
SSC40105,5,3,0,0,27
SSC40106,3,3,0,0,15
SSC40107,127,82,23,4,667
SSC40108,121,47,19,8,770
SSC40109,175,110,41,17,1092
SSC40110,3,8,0,0,19
SSC40111,6,11,4,0,18
SSC40112,8,4,4,0,23
SSC40113,3,0,0,0,15
SSC40114,8,4,6,0,29
SSC40115,0,0,0,0,15
SSC40116,8,4,0,0,17
SSC40117,410,339,163,72,2376
SSC40118,241,113,63,38,1890
SSC40119,318,133,41,16,2869
SSC40120,46,29,9,0,191
SSC40121,9,3,0,0,13
SSC40122,19,32,12,3,131
SSC40123,6,7,0,0,37
SSC40124,41,38,4,0,176
SSC40125,10,0,0,0,20
SSC40126,11,6,0,0,17
SSC40127,29,16,5,3,185
SSC40128,7,3,0,0,24
SSC40129,0,0,0,0,0
SSC40130,0,0,0,0,8
SSC40131,38,43,12,3,134
SSC40132,0,0,0,0,4
SSC40133,3,0,0,0,5
SSC40134,0,0,0,0,3
SSC40135,9,6,9,0,70
SSC40136,10,3,3,0,51
SSC40137,6,4,0,0,10
SSC40138,36,20,18,12,216
SSC40139,0,0,0,0,6
SSC40140,0,0,0,0,3
SSC40141,5,4,0,0,23
SSC40142,168,112,83,76,1234
SSC40143,0,3,0,0,12
SSC40144,0,0,0,0,16
SSC40145,59,40,6,0,430
SSC40146,66,31,12,3,587
SSC40147,3,5,0,0,19
SSC40148,13,10,3,3,54
SSC40149,0,0,0,0,7
SSC40150,3,3,0,0,21
SSC40151,35,15,5,3,110
SSC40152,3,0,0,0,5
SSC40153,151,123,71,21,1176
SSC40154,7,0,0,0,15
SSC40155,0,0,0,0,16
SSC40156,0,3,0,0,3
SSC40157,8,6,0,0,37
SSC40158,372,210,59,17,1973
SSC40159,3,0,0,0,12
SSC40160,382,276,168,89,1966
SSC40161,5,0,0,0,31
SSC40162,5,3,0,0,28
SSC40163,30,14,7,0,124
SSC40164,292,187,79,50,2165
SSC40165,221,86,57,47,1963
SSC40166,8,3,0,0,38
SSC40167,263,167,84,40,2421
SSC40168,0,3,0,0,7
SSC40169,0,0,0,0,6
SSC40170,12,3,0,0,35
SSC40171,3,0,0,0,28
SSC40172,22,28,4,0,114
SSC40173,4,0,0,0,3
SSC40174,43,23,4,0,218
SSC40175,3,0,0,0,6
SSC40176,17,21,6,0,84
SSC40177,0,0,0,0,8
SSC40178,14,9,0,0,80
SSC40179,4,0,0,0,17
SSC40180,3,0,0,0,12
SSC40181,28,18,5,7,120
SSC40182,10,3,0,0,63
SSC40183,6,0,0,0,14
SSC40184,0,0,0,0,3
SSC40185,3,3,0,0,7
SSC40186,3,0,0,0,16
SSC40187,0,0,0,0,3
SSC40188,10,8,4,0,47
SSC40189,0,0,0,0,7
SSC40190,17,8,0,0,77
SSC40191,0,0,0,0,0
SSC40192,288,236,126,41,1629
SSC40193,110,106,32,11,487
SSC40194,4,0,0,0,6
SSC40195,10,0,3,0,45
SSC40196,221,71,47,22,2125
SSC40197,20,22,4,7,128
SSC40198,3,0,0,0,25
SSC40199,60,30,4,0,341
SSC40200,5,3,0,0,20
SSC40201,3,0,0,0,5
SSC40202,0,0,0,0,7
SSC40203,61,24,16,0,291
SSC40204,0,0,0,0,12
SSC40205,12,8,0,0,51
SSC40206,10,8,9,4,62
SSC40207,0,0,0,0,6
SSC40208,7,0,0,0,15
SSC40209,33,25,7,7,129
SSC40210,155,140,73,25,1622
SSC40211,419,315,297,119,3756
SSC40212,3,0,0,0,11
SSC40213,15,4,3,0,74
SSC40214,0,0,0,0,3
SSC40215,0,3,0,0,17
SSC40216,0,7,0,0,11
SSC40217,0,0,0,0,6
SSC40218,7,4,0,0,24
SSC40219,8,8,0,0,21
SSC40220,35,21,8,3,117
SSC40221,4,0,0,0,6
SSC40222,0,0,0,0,0
SSC40223,0,0,0,0,3
SSC40224,0,0,0,0,11
SSC40225,81,43,9,0,253
SSC40226,0,0,0,0,7
SSC40227,12,3,4,0,41
SSC40228,46,53,17,3,194
SSC40229,11,7,3,0,20
SSC40230,8,10,0,0,38
SSC40231,0,0,3,0,10
SSC40232,5,0,0,0,11
SSC40233,0,4,0,0,18
SSC40234,0,0,0,0,3
SSC40235,5,0,0,0,18
SSC40236,108,71,32,23,759
SSC40237,10,4,0,0,52
SSC40238,14,13,0,0,58
SSC40239,3,0,0,0,14
SSC40240,0,0,0,0,12
SSC40241,73,47,18,0,375
SSC40242,12,8,0,0,60
SSC40243,0,0,0,0,14
SSC40244,53,28,0,3,260
SSC40245,6,0,0,0,5
SSC40246,0,0,0,0,7
SSC40247,196,101,45,10,1015
SSC40248,71,61,16,0,307
SSC40249,12,15,4,0,76
SSC40250,0,0,0,0,0
SSC40251,0,0,0,0,4
SSC40252,0,0,0,0,0
SSC40253,0,0,0,0,0
SSC40254,279,267,130,38,2037
SSC40255,371,278,197,120,2591
SSC40256,135,94,37,27,852
SSC40257,244,182,88,42,1385
SSC40258,160,55,42,15,1163
SSC40259,227,127,37,16,1393
SSC40260,90,45,19,4,332
SSC40261,3,0,4,0,15
SSC40262,0,0,0,0,4
SSC40263,47,70,13,3,202
SSC40264,197,129,46,31,1752
SSC40265,3,0,0,0,6
SSC40266,0,0,0,0,18
SSC40267,78,37,25,20,378
SSC40268,0,0,0,0,9
SSC40269,30,40,13,0,121
SSC40270,4,0,0,0,10
SSC40271,186,86,65,24,1552
SSC40272,33,8,0,4,143
SSC40273,0,0,0,0,0
SSC40274,6,0,0,0,32
SSC40275,68,37,9,4,340
SSC40276,8,0,0,3,28
SSC40277,60,63,20,3,291
SSC40278,0,3,0,0,25
SSC40279,3,0,0,0,17
SSC40280,92,48,22,11,458
SSC40281,3,0,0,0,16
SSC40282,0,0,0,0,0
SSC40283,0,0,0,0,0
SSC40284,118,77,30,13,812
SSC40285,370,167,41,14,1758
SSC40286,4,0,0,0,10
SSC40287,0,3,0,0,12
SSC40288,59,29,3,0,131
SSC40289,50,30,10,0,299
SSC40290,16,14,6,3,84
SSC40291,7,3,0,0,26
SSC40292,8,0,0,0,19
SSC40293,156,132,61,6,872
SSC40294,19,23,12,4,110
SSC40295,5,3,0,0,30
SSC40296,0,0,0,0,3
SSC40297,17,18,0,0,115
SSC40298,4,4,6,0,41
SSC40299,0,4,0,0,23
SSC40300,0,0,0,0,6
SSC40301,14,3,3,0,58
SSC40302,25,7,4,0,126
SSC40303,13,3,0,0,40
SSC40304,14,11,0,0,73
SSC40305,8,6,0,0,24
SSC40306,0,0,0,0,12
SSC40307,4,0,0,0,12
SSC40308,9,3,0,0,36
SSC40309,12,11,0,0,44
SSC40310,50,50,5,0,210
SSC40311,429,298,84,21,2285
SSC40312,0,3,0,0,25
SSC40313,0,0,0,0,6
SSC40314,14,3,0,0,71
SSC40315,73,47,35,34,692
SSC40316,93,73,15,16,428
SSC40317,11,7,3,0,54
SSC40318,8,0,0,0,15
SSC40319,246,188,54,20,1138
SSC40320,122,102,26,9,684
SSC40321,228,123,53,5,1190
SSC40322,611,300,147,78,4127
SSC40323,4,11,3,0,71
SSC40324,17,22,3,0,94
SSC40325,13,15,3,0,45
SSC40326,93,30,14,5,585
SSC40327,174,109,46,52,1601
SSC40328,129,97,44,14,637
SSC40329,49,26,10,0,198
SSC40330,3,4,0,0,16
SSC40331,0,0,0,0,0
SSC40332,209,120,54,27,1335
SSC40333,52,30,20,24,386
SSC40334,3,0,0,0,4
SSC40335,0,0,3,0,25
SSC40336,3,3,0,0,29
SSC40337,0,0,0,0,3
SSC40338,16,18,9,5,114
SSC40339,34,29,7,0,198
SSC40340,0,4,0,0,5
SSC40341,0,0,0,0,3
SSC40342,11,0,0,0,36
SSC40343,3,0,3,0,4
SSC40344,3,0,0,0,9
SSC40345,0,0,0,0,0
SSC40346,5,4,0,0,24
SSC40347,74,54,24,14,600
SSC40348,14,3,0,0,67
SSC40349,8,0,5,0,29
SSC40350,257,160,123,23,2042
SSC40351,166,79,48,63,1307
SSC40352,32,13,3,0,142
SSC40353,0,0,0,0,0
SSC40354,6,0,0,0,13
SSC40355,3,3,0,0,16
SSC40356,0,3,0,0,11
SSC40357,25,21,0,3,80
SSC40358,14,7,0,0,52
SSC40359,308,248,130,28,1919
SSC40360,0,4,0,0,15
SSC40361,74,19,14,3,439
SSC40362,11,3,0,0,42
SSC40363,15,8,3,0,258
SSC40364,11,0,0,0,22
SSC40365,18,9,9,0,44
SSC40366,0,0,0,0,0
SSC40367,216,117,87,25,1364
SSC40368,8,0,0,0,17
SSC40369,12,15,0,0,81
SSC40370,28,13,4,0,133
SSC40371,38,20,12,3,230
SSC40372,11,4,0,0,29
SSC40373,46,25,9,12,249
SSC40374,4,0,0,0,13
SSC40375,182,138,24,8,991
SSC40376,4,0,0,0,31
SSC40377,14,5,0,0,58
SSC40378,3,0,0,0,9
SSC40379,15,10,0,0,71
SSC40380,94,77,17,3,494
SSC40381,0,0,0,0,4
SSC40382,3,4,3,0,12
SSC40383,8,4,3,0,57
SSC40384,125,79,7,0,579
SSC40385,298,260,89,28,1726
SSC40386,50,28,7,0,176
SSC40387,8,3,0,0,54
SSC40388,0,0,0,0,149
SSC40389,0,0,0,0,0
SSC40390,50,66,20,7,226
SSC40391,328,142,93,38,2167
SSC40392,11,10,3,0,81
SSC40393,59,41,20,15,422
SSC40394,250,140,97,37,1668
SSC40395,223,159,155,105,1610
SSC40396,120,89,70,19,825
SSC40397,158,88,91,20,1185
SSC40398,150,134,106,36,1334
SSC40399,101,78,75,30,948
SSC40400,176,139,156,72,1356
SSC40401,46,24,8,5,175
SSC40402,3,0,0,0,13
SSC40403,27,9,7,0,57
SSC40404,3,3,0,0,21
SSC40405,9,11,3,0,40
SSC40406,390,676,383,128,2317
SSC40407,265,142,104,95,2462
SSC40408,132,94,40,9,646
SSC40409,4,0,3,0,20
SSC40410,0,0,0,0,0
SSC40411,111,65,14,6,707
SSC40412,3,0,0,0,27
SSC40413,61,34,31,10,297
SSC40414,0,0,0,0,9
SSC40415,0,0,0,0,5
SSC40416,101,40,30,3,732
SSC40417,111,84,52,26,906
SSC40418,92,50,15,3,759
SSC40419,294,175,107,58,1830
SSC40420,25,13,4,0,161
SSC40421,3,3,0,0,16
SSC40422,75,44,40,35,593
SSC40423,127,57,15,10,580
SSC40424,252,241,96,18,1706
SSC40425,0,0,0,0,3
SSC40426,6,0,0,0,17
SSC40427,27,12,6,0,112
SSC40428,162,140,77,45,1136
SSC40429,157,100,45,12,1497
SSC40430,11,3,5,0,44
SSC40431,292,192,138,62,2713
SSC40432,30,21,11,0,140
SSC40433,78,54,29,13,708
SSC40434,8,5,0,0,24
SSC40435,4,5,0,0,25
SSC40436,17,22,5,0,61
SSC40437,88,62,30,6,439
SSC40438,0,0,0,0,3
SSC40439,941,718,185,58,5139
SSC40440,12,6,8,0,91
SSC40441,26,22,6,0,124
SSC40442,0,0,0,0,0
SSC40443,268,188,112,47,2148
SSC40444,19,18,0,0,64
SSC40445,0,0,0,0,7
SSC40446,15,0,0,0,38
SSC40447,28,15,3,3,109
SSC40448,133,59,17,10,800
SSC40449,39,27,6,0,211
SSC40450,0,0,3,0,9
SSC40451,9,6,0,0,24
SSC40452,0,0,0,0,0
SSC40453,0,4,0,0,18
SSC40454,0,3,0,0,20
SSC40455,0,0,0,0,4
SSC40456,5,0,0,0,21
SSC40457,0,0,0,0,0
SSC40458,0,0,0,0,9
SSC40459,0,0,0,0,4
SSC40460,137,67,17,10,872
SSC40461,54,51,13,4,486
SSC40462,234,115,111,74,1315
SSC40463,364,333,206,49,2773
SSC40464,371,305,168,151,2412
SSC40465,16,0,0,0,47
SSC40466,0,0,0,0,7
SSC40467,0,0,0,0,3
SSC40468,0,0,0,0,0
SSC40469,65,65,32,9,308
SSC40470,78,37,11,3,430
SSC40471,456,306,160,79,2491
SSC40472,0,0,0,0,0
SSC40473,12,4,0,0,46
SSC40474,198,120,60,20,1135
SSC40475,75,47,15,9,372
SSC40476,21,9,0,0,48
SSC40477,14,12,3,0,72
SSC40478,23,41,14,3,254
SSC40479,13,5,3,0,45
SSC40480,0,0,0,0,3
SSC40481,0,3,0,0,14
SSC40482,3,0,0,0,17
SSC40483,0,0,0,0,3
SSC40484,0,0,0,0,3
SSC40485,16,3,0,0,140
SSC40486,3,0,0,0,16
SSC40487,167,131,67,19,920
SSC40488,9,0,0,0,9
SSC40489,11,9,0,0,44
SSC40490,198,128,55,28,1584
SSC40491,7,3,0,0,33
SSC40492,60,53,13,5,285
SSC40493,253,120,32,11,1528
SSC40494,41,26,7,0,286
SSC40495,198,157,70,86,1068
SSC40496,187,166,101,14,1117
SSC40497,28,17,7,0,164
SSC40498,53,26,5,4,283
SSC40499,0,0,0,0,0
SSC40500,371,307,155,77,1985
SSC40501,390,206,107,29,2035
SSC40502,571,377,164,65,3472
SSC40503,254,187,84,119,1348
SSC40504,421,283,176,163,2715
SSC40505,4,0,0,0,33
SSC40506,148,162,137,110,1337
SSC40507,210,166,86,23,1100
SSC40508,22,21,0,0,123
SSC40509,64,38,13,3,373
SSC40510,81,75,89,76,868
SSC40511,831,497,273,104,4802
SSC40512,16,25,4,0,109
SSC40513,15,0,0,0,27
SSC40514,4,0,0,0,11
SSC40515,275,149,65,48,1800
SSC40516,184,289,195,108,1118
SSC40517,183,187,124,39,945
SSC40518,114,158,53,9,507
SSC40519,125,115,60,20,511
SSC40520,4,0,0,0,19
SSC40521,24,13,3,3,113
SSC40522,0,0,0,0,8
SSC40523,3,3,0,0,15
SSC40524,522,416,218,124,3027
SSC40525,11,9,0,0,52
SSC40526,11,9,0,0,41
SSC40527,8,3,0,0,24
SSC40528,137,65,43,8,1345
SSC40529,37,35,8,0,233
SSC40530,110,42,16,3,516
SSC40531,4,0,0,0,20
SSC40532,622,280,105,21,4017
SSC40533,296,161,49,8,1629
SSC40534,6,3,3,0,43
SSC40535,0,0,0,0,5
SSC40536,81,44,28,19,426
SSC40537,4,5,0,0,37
SSC40538,261,243,106,58,1661
SSC40539,248,183,63,23,1397
SSC40540,0,0,0,0,7
SSC40541,59,52,24,27,322
SSC40542,270,221,124,92,1395
SSC40543,12,6,4,0,65
SSC40544,20,14,3,0,82
SSC40545,3,0,0,0,9
SSC40546,0,0,0,0,0
SSC40547,13,6,8,0,63
SSC40548,1282,685,212,61,6258
SSC40549,0,0,0,0,0
SSC40550,10,4,0,0,34
SSC40551,0,0,0,0,6
SSC40552,65,50,24,20,318
SSC40553,0,0,0,0,5
SSC40554,4,3,0,0,29
SSC40555,96,36,21,11,718
SSC40556,4,0,0,0,16
SSC40557,7,0,0,0,11
SSC40558,945,649,281,114,5428
SSC40559,24,12,3,3,67
SSC40560,0,3,0,0,3
SSC40561,42,21,3,0,219
SSC40562,6,3,0,0,17
SSC40563,10,9,0,0,64
SSC40564,7,0,0,0,23
SSC40565,11,9,3,0,52
SSC40566,32,21,0,3,158
SSC40567,13,15,0,0,60
SSC40568,248,174,43,26,1211
SSC40569,340,271,79,32,1837
SSC40570,10,0,0,0,26
SSC40571,0,0,0,0,8
SSC40572,193,190,67,25,1024
SSC40573,181,144,78,22,1059
SSC40574,134,66,30,18,540
SSC40575,68,47,22,13,296
SSC40576,213,137,90,15,1763
SSC40577,63,27,26,40,507
SSC40578,593,306,138,41,3137
SSC40579,244,121,54,20,1435
SSC40580,149,61,17,0,1187
SSC40581,540,483,150,24,3306
SSC40582,156,90,24,15,896
SSC40583,40,40,11,0,184
SSC40584,14,4,0,0,42
SSC40585,327,161,78,10,1998
SSC40586,163,95,52,24,1591
SSC40587,34,84,65,25,287
SSC40588,0,5,0,0,20
SSC40589,38,22,9,9,435
SSC40590,0,0,0,0,0
SSC40591,7,6,3,0,122
SSC40592,184,214,57,9,744
SSC40593,12,6,3,3,44
SSC40594,55,43,9,0,239
SSC40595,190,132,79,19,1538
SSC40596,15,0,6,0,43
SSC40597,0,3,0,0,7
SSC40598,0,3,0,0,17
SSC40599,7,9,3,0,81
SSC40600,0,0,0,0,0
SSC40601,481,480,340,230,3625
SSC40602,0,0,0,0,7
SSC40603,0,0,0,0,6
SSC40604,0,0,0,0,8
SSC40605,65,39,9,0,261
SSC40606,287,258,172,129,1635
SSC40607,13,6,3,0,57
SSC40608,0,3,0,0,8
SSC40609,57,43,10,0,235
SSC40610,246,153,66,22,1665
SSC40611,190,118,45,10,925
SSC40612,7,5,3,0,60
SSC40613,455,517,199,71,3687
SSC40614,46,34,7,3,206
SSC40615,4,0,0,0,47
SSC40616,0,3,0,0,6
SSC40617,0,0,0,0,3
SSC40618,38,35,3,0,162
SSC40619,7,0,3,0,23
SSC40620,0,0,0,0,0
SSC40621,4,18,6,0,47
SSC40622,73,23,8,3,291
SSC40623,3,0,0,0,4
SSC40624,0,5,0,0,24
SSC40625,0,0,0,0,0
SSC40626,12,3,0,0,83
SSC40627,0,0,0,0,22
SSC40628,11,8,3,0,25
SSC40629,111,62,35,45,637
SSC40630,0,0,0,0,0
SSC40631,4,0,0,0,5
SSC40632,21,7,4,3,158
SSC40633,21,14,0,0,108
SSC40634,14,3,0,0,44
SSC40635,4,0,0,0,4
SSC40636,117,69,16,25,587
SSC40637,0,0,0,0,0
SSC40638,3,0,0,0,12
SSC40639,27,16,3,0,106
SSC40640,198,172,86,60,1209
SSC40641,0,7,3,0,23
SSC40642,0,0,0,0,11
SSC40643,0,0,0,0,8
SSC40644,37,19,8,0,185
SSC40645,55,23,6,4,182
SSC40646,4,0,0,0,9
SSC40647,3,0,0,0,30
SSC40648,0,3,0,0,8
SSC40649,4,0,0,0,52
SSC40650,131,73,13,6,475
SSC40651,12,3,0,0,52
SSC40652,3,3,0,0,14
SSC40653,0,0,0,0,0
SSC40654,47,16,7,3,319
SSC40655,0,3,0,0,17
SSC40656,0,0,0,0,6
SSC40657,0,0,0,0,0
SSC40658,4,0,0,0,17
SSC40659,0,0,0,0,0
SSC40660,215,196,72,16,1195
SSC40661,12,0,3,6,56
SSC40662,0,0,0,0,5
SSC40663,4,0,0,0,25
SSC40664,37,28,12,6,183
SSC40665,0,0,0,0,3
SSC40666,0,0,0,0,0
SSC40667,8,0,0,0,34
SSC40668,83,63,18,12,520
SSC40669,0,0,0,0,7
SSC40670,5,7,0,0,38
SSC40671,161,110,66,35,1040
SSC40672,220,178,106,64,1402
SSC40673,248,164,83,33,1372
SSC40674,82,65,39,4,701
SSC40675,26,17,3,0,131
SSC40676,0,4,0,0,19
SSC40677,0,3,0,0,22
SSC40678,124,61,26,4,555
SSC40679,24,22,5,0,409
SSC40680,0,0,0,0,0
SSC40681,31,20,6,0,159
SSC40682,3,0,0,0,18
SSC40683,3,0,0,0,9
SSC40684,228,183,114,31,1498
SSC40685,0,0,0,0,19
SSC40686,213,153,75,13,2119
SSC40687,80,44,42,32,727
SSC40688,41,21,24,9,232
SSC40689,0,0,3,0,8
SSC40690,59,43,18,14,293
SSC40691,192,100,63,28,834
SSC40692,0,0,0,0,18
SSC40693,33,21,10,0,125
SSC40694,82,60,10,6,316
SSC40695,93,96,48,21,563
SSC40696,217,184,79,53,1306
SSC40697,360,219,170,110,3250
SSC40698,5,0,0,0,25
SSC40699,0,0,0,0,0
SSC40700,0,0,0,0,0
SSC40701,0,0,0,0,6
SSC40702,6,0,0,0,73
SSC40703,0,0,0,0,0
SSC40704,10,4,3,0,74
SSC40705,5,3,0,0,38
SSC40706,0,0,0,0,15
SSC40707,5,0,0,0,57
SSC40708,0,0,0,0,3
SSC40709,3,0,0,0,20
SSC40710,5,3,0,0,23
SSC40711,0,0,3,0,4
SSC40712,4,0,0,0,21
SSC40713,3,3,0,0,23
SSC40714,13,14,3,0,96
SSC40715,0,0,0,0,0
SSC40716,4,7,3,0,37
SSC40717,0,0,0,0,3
SSC40718,39,22,11,4,216
SSC40719,36,22,8,0,116
SSC40720,3,0,0,0,13
SSC40721,4,3,0,0,19
SSC40722,115,74,30,16,1484
SSC40723,3,0,0,0,32
SSC40724,5,3,0,0,28
SSC40725,3,3,3,0,33
SSC40726,4,0,0,0,14
SSC40727,3,3,0,0,18
SSC40728,0,0,0,0,0
SSC40729,0,0,0,0,0
SSC40730,3,3,0,0,9
SSC40731,0,0,0,0,3
SSC40732,0,0,0,0,0
SSC40733,0,0,0,0,0
SSC40734,0,0,0,0,0
SSC40735,0,0,0,0,0
SSC40736,0,0,0,0,0
SSC40737,3,0,3,0,20
SSC40738,0,0,0,0,0
SSC40739,0,0,0,0,3
SSC40740,51,45,25,14,327
SSC40741,33,29,7,0,177
SSC40742,0,0,0,0,0
SSC40743,382,209,86,98,1974
SSC40744,272,133,84,63,1688
SSC40745,66,45,20,5,301
SSC40746,4,0,0,0,4
SSC40747,3,0,0,0,25
SSC40748,140,160,152,107,947
SSC40749,14,3,6,0,47
SSC40750,11,7,5,0,40
SSC40751,18,3,0,0,109
SSC40752,8,3,3,0,20
SSC40753,61,34,14,3,243
SSC40754,223,109,21,0,1241
SSC40755,20,20,0,0,85
SSC40756,0,0,0,0,8
SSC40757,0,0,0,0,3
SSC40758,179,158,113,121,1188
SSC40759,0,0,0,0,3
SSC40760,3,3,3,0,21
SSC40761,16,7,0,0,81
SSC40762,0,4,0,0,7
SSC40763,249,170,37,10,1468
SSC40764,215,96,61,12,1133
SSC40765,5,3,0,0,37
SSC40766,12,7,0,0,43
SSC40767,18,0,5,3,89
SSC40768,442,271,178,139,2811
SSC40769,7,7,0,0,45
SSC40770,3,0,0,0,26
SSC40771,36,18,8,4,159
SSC40772,0,5,0,0,16
SSC40773,12,9,0,0,45
SSC40774,76,27,10,0,256
SSC40775,0,3,0,0,22
SSC40776,4,0,0,0,13
SSC40777,0,4,0,0,15
SSC40778,29,19,3,0,103
SSC40779,47,30,8,0,210
SSC40780,18,18,7,0,87
SSC40781,225,148,70,24,1200
SSC40782,296,218,122,61,1802
SSC40783,50,31,13,5,335
SSC40784,52,31,7,3,221
SSC40785,0,0,0,3,12
SSC40786,0,0,0,0,10
SSC40787,159,101,57,9,959
SSC40788,25,37,3,0,147
SSC40789,27,27,5,0,117
SSC40790,0,3,0,0,22
SSC40791,171,86,19,9,722
SSC40792,42,19,7,4,219
SSC40793,3,7,0,0,48
SSC40794,0,0,0,0,3
SSC40795,7,0,0,0,24
SSC40796,0,0,0,0,4
SSC40797,627,453,270,145,4604
SSC40798,0,0,0,0,0
SSC40799,80,66,38,14,480
SSC40800,3,0,0,0,18
SSC40801,0,0,0,0,11
SSC40802,65,32,18,8,336
SSC40803,5,0,0,0,12
SSC40804,0,3,0,0,3
SSC40805,306,214,52,42,1412
SSC40806,3,0,0,0,9
SSC40807,0,0,0,0,16
SSC40808,0,0,0,0,0
SSC40809,11,7,0,0,33
SSC40810,107,57,22,15,656
SSC40811,212,225,111,37,1116
SSC40812,18,18,3,0,68
SSC40813,120,71,46,22,1512
SSC40814,3,3,0,0,5
SSC40815,0,4,4,3,32
SSC40816,6,7,7,3,55
SSC40817,10,9,0,0,36
SSC40818,5,4,0,0,31
SSC40819,151,93,62,35,1296
SSC40820,271,218,87,26,1297
SSC40821,235,227,168,97,1853
SSC40822,14,8,7,0,80
SSC40823,5,0,0,0,14
SSC40824,0,0,3,0,7
SSC40825,17,5,7,0,56
SSC40826,61,62,40,80,991
SSC40827,0,0,0,0,3
SSC40828,8,8,0,0,55
SSC40829,9,7,0,0,45
SSC40830,58,38,22,13,335
SSC40831,0,0,0,0,3
SSC40832,121,47,33,3,553
SSC40833,6,0,0,0,27
SSC40834,0,0,0,0,0
SSC40835,591,277,81,55,6780
SSC40836,0,3,0,0,3
SSC40837,132,80,25,6,834
SSC40838,6,3,0,0,10
SSC40839,3,0,0,0,8
SSC40840,173,237,137,81,963
SSC40841,9,7,3,0,37
SSC40842,109,65,22,0,694
SSC40843,348,324,187,116,1962
SSC40844,123,60,11,7,658
SSC40845,131,96,43,8,632
SSC40846,44,28,6,0,185
SSC40847,28,23,5,3,152
SSC40848,131,82,54,59,1100
SSC40849,0,4,0,0,13
SSC40850,6,0,0,0,9
SSC40851,83,65,36,11,421
SSC40852,3,0,0,0,8
SSC40853,3,0,0,0,14
SSC40854,3,7,0,0,31
SSC40855,3,0,0,0,5
SSC40856,0,0,0,0,5
SSC40857,3,0,0,0,12
SSC40858,7,3,0,0,21
SSC40859,6,5,3,0,34
SSC40860,3,3,0,0,14
SSC40861,0,0,0,0,3
SSC40862,142,95,41,8,587
SSC40863,0,0,0,0,4
SSC40864,26,12,3,0,152
SSC40865,86,92,23,5,433
SSC40866,283,135,51,12,2313
SSC40867,0,0,0,0,14
SSC40868,5,0,0,0,15
SSC40869,14,4,0,0,59
SSC40870,360,238,136,98,1980
SSC40871,267,181,61,13,1196
SSC40872,0,0,0,0,24
SSC40873,9,4,0,0,95
SSC40874,9,0,0,0,19
SSC40875,0,0,0,0,0
SSC40876,0,0,0,0,6
SSC40877,10,0,0,0,45
SSC40878,10,7,0,0,53
SSC40879,87,80,47,37,459
SSC40880,21,16,3,0,69
SSC40881,16,25,5,0,98
SSC40882,3,0,0,0,5
SSC40883,10,0,0,0,25
SSC40884,211,149,81,52,1029
SSC40885,3,0,0,0,13
SSC40886,325,251,158,41,2584
SSC40887,0,0,0,0,10
SSC40888,262,114,61,18,1277
SSC40889,0,0,0,0,3
SSC40890,23,10,0,0,99
SSC40891,252,226,164,56,2429
SSC40892,516,324,134,29,3054
SSC40893,399,292,124,31,2656
SSC40894,0,0,0,0,3
SSC40895,11,10,9,0,103
SSC40896,21,10,0,0,85
SSC40897,109,52,18,7,452
SSC40898,12,4,0,0,44
SSC40899,0,0,0,0,3
SSC40900,37,26,15,3,169
SSC40901,3,0,0,0,7
SSC40902,9,12,0,0,52
SSC40903,0,0,0,0,4
SSC40904,0,0,0,0,9
SSC40905,0,0,0,0,0
SSC40906,58,61,42,9,264
SSC40907,208,221,85,24,993
SSC40908,22,15,3,0,88
SSC40909,119,59,14,10,789
SSC40910,4,0,0,0,21
SSC40911,12,7,9,0,67
SSC40912,22,12,4,0,62
SSC40913,6,0,3,0,31
SSC40914,3,0,0,0,9
SSC40915,54,40,20,3,201
SSC40916,0,0,0,0,4
SSC40917,1432,1245,517,187,9998
SSC40918,0,0,0,0,3
SSC40919,197,148,92,105,1517
SSC40920,0,0,0,0,8
SSC40921,0,0,0,0,6
SSC40922,7,13,3,0,66
SSC40923,926,670,322,122,6521
SSC40924,0,0,0,0,0
SSC40925,16,8,3,0,81
SSC40926,18,8,8,0,56
SSC40927,3,5,3,0,62
SSC40928,12,10,3,0,53
SSC40929,0,0,0,0,0
SSC40930,37,14,6,3,112
SSC40931,7,0,0,0,20
SSC40932,0,3,0,0,7
SSC40933,126,89,26,3,664
SSC40934,0,0,0,0,4
SSC40935,22,10,3,0,68
SSC40936,0,0,0,0,5
SSC40937,0,0,0,0,7
SSC40938,10,0,4,0,20
SSC40939,17,0,0,0,146
SSC40940,1538,1079,586,258,10205
SSC40941,44,32,7,3,166
SSC40942,3,4,0,0,20
SSC40943,17,15,3,3,81
SSC40944,0,0,0,0,0
SSC40945,5,7,0,0,66
SSC40946,3,10,0,0,34
SSC40947,3,0,4,0,8
SSC40948,3,4,0,0,30
SSC40949,5,3,0,0,32
SSC40950,0,0,0,0,4
SSC40951,57,44,14,3,231
SSC40952,98,66,37,17,479
SSC40953,10,14,0,0,88
SSC40954,3,0,0,0,8
SSC40955,3,0,0,0,7
SSC40956,80,43,3,0,335
SSC40957,0,0,0,0,10
SSC40958,4,0,0,0,14
SSC40959,7,0,0,0,20
SSC40960,8,4,0,0,44
SSC40961,4,0,0,0,19
SSC40962,23,7,0,0,114
SSC40963,0,0,0,0,0
SSC40964,3,7,0,0,20
SSC40965,0,0,0,0,0
SSC40966,5,7,3,0,42
SSC40967,31,15,3,0,170
SSC40968,7,0,0,0,31
SSC40969,4,3,0,0,35
SSC40970,177,88,19,3,1390
SSC40971,6,11,0,0,69
SSC40972,149,65,17,0,2141
SSC40973,9,15,0,0,36
SSC40974,0,0,0,0,19
SSC40975,0,0,0,0,3
SSC40976,0,8,3,0,18
SSC40977,3,3,0,0,14
SSC40978,0,0,0,0,9
SSC40979,724,615,347,127,5596
SSC40980,102,50,19,3,467
SSC40981,12,9,0,0,56
SSC40982,10,3,3,0,81
SSC40983,3,4,6,0,28
SSC40984,15,16,0,0,87
SSC40985,3,3,0,0,8
SSC40986,151,86,27,10,640
SSC40987,40,23,4,4,187
SSC40988,53,27,13,3,316
SSC40989,15,5,0,0,27
SSC40990,267,199,168,209,1605
SSC40991,0,0,0,0,3
SSC40992,0,0,0,0,3
SSC40993,0,0,0,0,0
SSC40994,196,71,25,8,1087
SSC40995,0,0,0,0,8
SSC40996,320,212,63,12,2362
SSC40997,0,0,0,0,4
SSC40998,33,13,4,3,112
SSC40999,30,15,5,0,153
SSC41000,3,4,0,0,20
SSC41001,64,37,12,0,286
SSC41002,326,229,131,76,2336
SSC41003,10,4,0,0,38
SSC41004,23,10,0,0,69
SSC41005,0,0,0,0,9
SSC41006,10,0,0,0,26
SSC41007,3,3,0,0,13
SSC41008,20,9,0,0,65
SSC41009,8,10,0,0,36
SSC41010,5,3,0,0,37
SSC41011,9,15,3,0,62
SSC41012,149,120,36,24,818
SSC41013,3,0,0,0,14
SSC41014,77,76,94,45,780
SSC41015,44,28,3,0,400
SSC41016,0,0,0,0,22
SSC41017,78,44,27,0,474
SSC41018,0,0,0,0,9
SSC41019,6,0,0,0,24
SSC41020,265,175,94,20,2081
SSC41021,6,0,0,0,19
SSC41022,0,0,0,0,0
SSC41023,19,11,3,0,71
SSC41024,0,0,0,0,19
SSC41025,12,12,8,0,109
SSC41026,274,161,63,17,1668
SSC41027,7,8,3,0,21
SSC41028,208,212,90,15,813
SSC41029,608,600,268,171,4442
SSC41030,59,42,18,4,229
SSC41031,5,0,0,0,17
SSC41032,241,173,64,50,1163
SSC41033,0,3,0,0,3
SSC41034,633,368,144,52,2642
SSC41035,32,61,36,20,221
SSC41036,164,111,140,245,1702
SSC41037,40,23,10,3,159
SSC41038,5,0,0,0,7
SSC41039,7,0,0,0,9
SSC41040,28,13,3,0,99
SSC41041,198,141,103,39,2584
SSC41042,295,173,57,34,3300
SSC41043,54,42,7,3,269
SSC41044,568,459,189,66,3780
SSC41045,0,0,0,0,0
SSC41046,201,173,93,31,1087
SSC41047,0,3,0,0,26
SSC41048,0,0,0,0,13
SSC41049,414,362,151,64,2651
SSC41050,3,0,0,0,16
SSC41051,6,0,0,0,12
SSC41052,226,170,59,7,1355
SSC41053,124,134,46,11,805
SSC41054,109,66,18,8,454
SSC41055,258,189,110,44,1848
SSC41056,0,0,0,0,4
SSC41057,228,183,88,93,1895
SSC41058,25,33,7,3,167
SSC41059,0,0,0,0,4
SSC41060,0,3,0,0,3
SSC41061,108,79,27,4,622
SSC41062,220,133,82,67,1511
SSC41063,0,0,0,0,3
SSC41064,0,0,0,0,6
SSC41065,113,63,19,8,533
SSC41066,257,140,38,3,1224
SSC41067,0,0,0,0,0
SSC41068,19,12,3,3,107
SSC41069,44,33,19,12,244
SSC41070,135,77,50,7,805
SSC41071,129,75,24,14,917
SSC41072,0,4,0,0,9
SSC41073,3,10,0,0,18
SSC41074,65,28,14,4,367
SSC41075,36,20,10,3,187
SSC41076,20,14,6,0,134
SSC41077,29,21,5,0,114
SSC41078,13,11,7,0,88
SSC41079,6,4,5,0,32
SSC41080,0,0,0,0,4
SSC41081,10,4,0,0,32
SSC41082,12,4,0,3,74
SSC41083,0,0,0,0,0
SSC41084,198,179,105,36,1223
SSC41085,356,249,163,34,2784
SSC41086,180,122,61,24,1288
SSC41087,161,160,59,15,1247
SSC41088,5,0,0,0,7
SSC41089,37,53,8,0,218
SSC41090,421,306,210,94,3093
SSC41091,0,0,0,0,71
SSC41092,744,465,250,59,6136
SSC41093,745,307,79,26,5526
SSC41094,0,4,0,0,3
SSC41095,0,0,0,0,0
SSC41096,18,6,0,0,36
SSC41097,19,13,3,0,88
SSC41098,12,6,0,0,82
SSC41099,104,57,20,11,478
SSC41100,34,17,3,0,104
SSC41101,141,115,67,48,1372
SSC41102,429,253,79,67,2870
SSC41103,0,0,0,0,0
SSC41104,7,6,0,3,57
SSC41105,5,3,6,0,37
SSC41106,5,0,0,0,15
SSC41107,213,194,184,94,1498
SSC41108,6,17,3,0,72
SSC41109,3,0,0,0,21
SSC41110,167,89,65,44,1281
SSC41111,77,70,40,23,828
SSC41112,16,10,0,0,36
SSC41113,4,0,0,0,26
SSC41114,5,0,0,0,11
SSC41115,3,0,0,0,10
SSC41116,13,0,3,0,37
SSC41117,6,12,3,0,35
SSC41118,19,6,3,0,35
SSC41119,0,0,0,0,3
SSC41120,42,30,35,3,283
SSC41121,11,5,7,4,91
SSC41122,21,30,17,3,139
SSC41123,200,106,55,43,1397
SSC41124,104,82,35,21,666
SSC41125,29,3,3,0,109
SSC41126,46,20,11,0,205
SSC41127,27,3,0,0,74
SSC41128,10,4,3,0,20
SSC41129,0,0,0,0,13
SSC41130,153,79,46,19,521
SSC41131,59,40,27,4,470
SSC41132,6,4,0,0,29
SSC41133,0,0,0,0,12
SSC41134,3,0,0,0,12
SSC41135,4,4,0,0,33
SSC41136,19,5,0,0,50
SSC41137,44,25,5,0,194
SSC41138,0,0,0,0,6
SSC41139,3,0,3,0,21
SSC41140,0,3,0,0,10
SSC41141,6,0,0,0,6
SSC41142,0,0,0,0,0
SSC41143,7,9,0,0,26
SSC41144,5,3,0,0,32
SSC41145,13,3,3,5,39
SSC41146,0,0,0,0,15
SSC41147,6,3,0,0,36
SSC41148,9,8,0,0,26
SSC41149,42,25,7,7,281
SSC41150,6,3,0,0,69
SSC41151,0,4,0,0,18
SSC41152,3,3,0,0,20
SSC41153,257,163,123,37,2534
SSC41154,218,107,50,37,1610
SSC41155,0,0,0,0,13
SSC41156,3,3,0,0,16
SSC41157,18,10,0,0,47
SSC41158,5,0,0,0,17
SSC41159,5,3,0,0,17
SSC41160,10,6,0,0,34
SSC41161,29,32,8,0,130
SSC41162,0,0,0,0,3
SSC41163,5,7,0,0,17
SSC41164,3,0,0,0,20
SSC41165,3,3,0,0,16
SSC41166,8,3,0,0,36
SSC41167,3,3,0,0,17
SSC41168,0,0,0,0,20
SSC41169,0,0,3,0,9
SSC41170,17,8,0,0,88
SSC41171,386,257,141,51,2903
SSC41172,0,0,0,0,3
SSC41173,123,68,36,6,593
SSC41174,0,0,0,0,0
SSC41175,447,338,142,52,2644
SSC41176,270,198,75,30,1691
SSC41177,0,6,0,0,6
SSC41178,100,98,64,29,491
SSC41179,0,0,0,0,0
SSC41180,220,244,179,83,1089
SSC41181,3,0,3,0,20
SSC41182,38,43,15,3,177
SSC41183,5,0,0,0,6
SSC41184,57,58,8,3,242
SSC41185,4,11,4,0,22
SSC41186,6,3,0,0,18
SSC41187,998,645,341,123,6026
SSC41188,65,57,22,7,355
SSC41189,16,29,7,6,91
SSC41190,13,15,3,0,36
SSC41191,16,10,6,0,84
SSC41192,283,169,126,92,1458
SSC41193,210,161,60,12,1352
SSC41194,4,0,0,0,29
SSC41195,6,4,15,11,70
SSC41196,258,143,83,27,1474
SSC41197,144,110,67,22,864
SSC41198,7,9,3,0,21
SSC41199,32,36,19,7,146
SSC41200,47,71,45,5,231
SSC41201,25,27,10,3,202
SSC41202,139,122,62,15,851
SSC41203,0,0,0,0,4
SSC41204,22,24,9,0,68
SSC41205,0,0,0,0,3
SSC41206,1102,517,178,104,6969
SSC41207,12,6,0,4,82
SSC41208,26,6,3,3,128
SSC41209,0,0,0,0,4
SSC41210,3,0,0,0,17
SSC41211,8,3,0,0,17
SSC41212,0,0,0,0,0
SSC41213,4,5,0,0,10
SSC41214,11,4,0,0,62
SSC41215,0,4,0,0,16
SSC41216,4,0,0,0,19
SSC41217,3,0,3,0,22
SSC41218,132,88,49,11,845
SSC41219,0,0,0,0,5
SSC41220,111,74,38,7,532
SSC41221,3,3,0,0,14
SSC41222,15,14,0,0,67
SSC41223,6,7,0,0,47
SSC41224,9,0,3,0,33
SSC41225,5,0,0,0,8
SSC41226,13,6,0,0,65
SSC41227,13,6,0,0,73
SSC41228,6,3,4,0,46
SSC41229,457,247,91,20,2526
SSC41230,7,11,0,0,40
SSC41231,3,9,0,0,57
SSC41232,7,20,25,24,99
SSC41233,21,7,3,0,178
SSC41234,15,5,3,0,68
SSC41235,243,220,159,102,1760
SSC41236,41,13,3,0,218
SSC41237,31,17,10,3,151
SSC41238,97,63,13,3,556
SSC41239,96,49,38,5,795
SSC41240,273,224,86,28,2123
SSC41241,155,137,57,29,940
SSC41242,28,7,4,3,61
SSC41243,174,87,61,37,1632
SSC41244,217,203,172,84,1867
SSC41245,69,39,14,3,609
SSC41246,220,185,93,39,1402
SSC41247,143,99,36,21,884
SSC41248,65,56,23,9,349
SSC41249,0,3,0,0,5
SSC41250,90,96,33,24,451
SSC41251,116,94,40,25,558
SSC41252,22,23,13,0,92
SSC41253,0,0,0,0,3
SSC41254,27,23,0,3,124
SSC41255,14,7,0,0,54
SSC41256,9,3,0,0,48
SSC41257,0,0,0,0,7
SSC41258,0,0,0,0,0
SSC41259,4,4,0,0,17
SSC41260,179,114,43,6,791
SSC41261,31,7,3,3,93
SSC41262,11,8,3,0,67
SSC41263,215,120,47,16,1412
SSC41264,67,24,12,4,440
SSC41265,163,146,62,33,833
SSC41266,497,393,331,100,3769
SSC41267,18,10,9,0,87
SSC41268,188,25,5,3,1850
SSC41269,163,115,58,16,1305
SSC41270,157,86,16,5,658
SSC41271,3,3,0,0,37
SSC41272,5,0,0,0,47
SSC41273,58,32,18,7,215
SSC41274,0,0,0,0,0
SSC41275,376,296,227,101,2987
SSC41276,328,178,107,28,2129
SSC41277,510,404,252,109,3555
SSC41278,413,209,60,21,2275
SSC41279,437,277,133,30,3283
SSC41280,154,103,54,9,879
SSC41281,63,35,27,12,441
SSC41282,3,4,15,25,50
SSC41283,3,3,0,0,18
SSC41284,8,0,0,0,25
SSC41285,4,0,0,0,4
SSC41286,9,7,11,0,65
SSC41287,3,4,0,0,20
SSC41288,9,8,0,0,36
SSC41289,10,5,0,0,48
SSC41290,8,0,0,0,37
SSC41291,3,6,0,0,11
SSC41292,23,10,0,0,133
SSC41293,5,3,3,0,39
SSC41294,9,3,0,0,18
SSC41295,8,3,0,0,14
SSC41296,0,0,0,0,3
SSC41297,28,21,3,0,120
SSC41298,270,160,52,23,1165
SSC41299,230,145,61,24,1342
SSC41300,188,122,72,31,1463
SSC41301,110,87,42,8,723
SSC41302,324,235,166,113,2077
SSC41303,3,0,0,0,31
SSC41304,114,70,22,3,1705
SSC41305,376,269,104,44,2678
SSC41306,0,0,0,0,0
SSC41307,577,397,265,189,4430
SSC41308,206,159,88,23,1310
SSC41309,0,3,0,0,22
SSC41310,32,20,5,0,80
SSC41311,19,9,0,0,83
SSC41312,3,9,3,0,41
SSC41313,99,36,16,15,569
SSC41314,207,128,42,4,1237
SSC41315,31,29,3,0,147
SSC41316,300,155,56,37,1504
SSC41317,353,254,122,54,1970
SSC41318,91,61,27,9,534
SSC41319,10,0,0,0,56
SSC41320,18,8,6,0,75
SSC41321,9,10,4,0,67
SSC41322,3,0,0,0,7
SSC41323,11,9,5,0,58
SSC41324,6,4,0,0,13
SSC41325,477,175,35,14,3119
SSC41326,3,0,0,0,5
SSC41327,5,0,0,0,19
SSC41328,8,3,0,0,41
SSC41329,0,0,0,0,4
SSC41330,5,3,0,0,19
SSC41331,29,22,9,0,163
SSC41332,9,0,3,0,26
SSC41333,107,72,47,36,841
SSC41334,98,57,30,5,940
SSC41335,42,10,5,0,102
SSC41336,42,22,8,8,155
SSC41337,3,0,0,0,16
SSC41338,52,33,39,10,401
SSC41339,525,391,230,135,2974
SSC41340,204,179,99,62,1350
SSC41341,5,0,0,0,11
SSC41342,5,0,3,0,16
SSC41343,268,184,91,61,2129
SSC41344,17,8,6,3,114
SSC41345,24,11,3,0,108
SSC41346,0,0,0,0,0
SSC41347,5,0,0,0,15
SSC41348,13,6,3,0,51
SSC41349,3,3,0,0,26
SSC41350,58,49,26,17,281
SSC41351,79,40,12,3,326
SSC41352,0,4,0,0,15
SSC41353,362,255,86,32,1986
SSC41354,87,31,7,3,986
SSC41355,147,142,72,17,885
SSC41356,3,4,0,0,14
SSC41357,0,0,0,0,5
SSC41358,12,4,3,0,32
SSC41359,3,3,0,0,18
SSC41360,138,98,46,18,1384
SSC41361,105,92,33,16,763
SSC41362,391,219,91,25,1882
SSC41363,8,3,0,0,17
SSC41364,42,18,11,0,197
SSC41365,66,64,21,18,260
SSC41366,0,0,0,0,9
SSC41367,0,0,0,0,3
SSC41368,0,0,0,0,0
SSC41369,60,57,22,12,536
SSC41370,5,3,0,0,29
SSC41371,344,290,130,37,1727
SSC41372,193,71,20,7,1413
SSC41373,16,17,4,0,115
SSC41374,45,11,0,0,191
SSC41375,0,0,0,0,3
SSC41376,0,0,0,0,4
SSC41377,6,5,4,0,21
SSC41378,0,3,0,0,14
SSC41379,23,11,5,0,55
SSC41380,136,111,39,10,692
SSC41381,0,0,0,0,5
SSC41382,530,465,207,89,3027
SSC41383,135,69,30,16,595
SSC41384,5,0,0,0,23
SSC41385,6,0,0,0,4
SSC41386,0,0,0,0,0
SSC41387,0,0,0,0,0
SSC41388,166,144,71,24,1262
SSC41389,0,0,0,0,14
SSC41390,93,50,7,3,358
SSC41391,31,30,3,4,160
SSC41392,0,0,0,0,6
SSC41393,7,11,0,0,20
SSC41394,8,7,3,0,48
SSC41395,3,3,0,0,14
SSC41396,229,145,64,18,1548
SSC41397,7,4,0,0,13
SSC41398,54,19,4,3,252
SSC41399,22,17,12,0,111
SSC41400,19,9,0,0,69
SSC41401,0,0,0,0,4
SSC41402,98,82,41,17,580
SSC41403,0,0,0,0,15
SSC41404,0,0,0,0,3
SSC41405,39,20,6,0,193
SSC41406,414,235,124,93,2169
SSC41407,201,127,54,5,1202
SSC41408,0,4,0,0,15
SSC41409,6,0,0,0,21
SSC41410,0,0,0,0,0
SSC41411,6,0,0,0,22
SSC41412,21,20,8,0,124
SSC41413,0,0,0,0,7
SSC41414,24,17,3,0,133
SSC41415,34,12,3,3,111
SSC41416,0,0,0,0,3
SSC41417,24,11,0,0,115
SSC41418,223,216,113,24,1613
SSC41419,0,0,0,0,3
SSC41420,9,4,3,0,43
SSC41421,5,9,0,0,59
SSC41422,136,124,43,13,685
SSC41423,0,0,0,0,10
SSC41424,95,75,26,4,463
SSC41425,8,7,4,0,51
SSC41426,0,0,0,0,11
SSC41427,13,15,0,0,51
SSC41428,16,18,6,0,84
SSC41429,95,54,19,17,767
SSC41430,40,29,4,12,255
SSC41431,0,0,0,0,16
SSC41432,20,17,5,3,91
SSC41433,15,13,5,0,106
SSC41434,10,0,0,0,18
SSC41435,4,0,0,0,9
SSC41436,24,8,3,0,147
SSC41437,30,19,4,0,81
SSC41438,23,33,5,8,86
SSC41439,3,0,0,0,7
SSC41440,21,15,16,0,183
SSC41441,3,0,0,0,8
SSC41442,0,0,0,0,3
SSC41443,36,15,3,0,139
SSC41444,3,4,0,0,16
SSC41445,314,259,93,40,1539
SSC41446,0,0,0,0,14
SSC41447,0,0,0,0,0
SSC41448,311,197,74,40,1519
SSC41449,6,5,0,0,38
SSC41450,264,102,49,17,2036
SSC41451,3,0,0,0,7
SSC41452,0,3,0,0,5
SSC41453,19,9,3,0,56
SSC41454,9,0,0,0,13
SSC41455,318,183,84,43,1999
SSC41456,118,50,16,9,651
SSC41457,271,89,64,54,1494
SSC41458,45,21,4,3,241
SSC41459,12,8,5,0,65
SSC41460,132,107,54,37,657
SSC41461,26,15,3,0,151
SSC41462,0,3,0,0,5
SSC41463,158,141,42,22,836
SSC41464,137,93,25,17,961
SSC41465,0,0,0,0,3
SSC41466,0,0,0,0,3
SSC41467,0,0,0,0,0
SSC41468,39,20,3,0,143
SSC41469,0,0,0,0,0
SSC41470,5,0,0,0,15
SSC41471,3,4,0,0,16
SSC41472,160,67,30,12,1148
SSC41473,10,8,0,0,59
SSC41474,347,248,87,20,2297
SSC41475,156,139,49,13,812
SSC41476,0,0,0,0,0
SSC41477,30,31,14,0,136
SSC41478,127,82,15,3,528
SSC41479,59,29,5,12,269
SSC41480,7,0,0,0,29
SSC41481,123,77,47,8,561
SSC41482,0,0,0,0,3
SSC41483,215,157,77,41,1216
SSC41484,336,388,177,47,2846
SSC41485,0,0,0,0,5
SSC41486,10,10,0,0,33
SSC41487,33,17,8,0,110
SSC41488,0,0,0,0,31
SSC41489,400,417,260,165,2066
SSC41490,5,11,0,0,43
SSC41491,91,37,21,3,579
SSC41492,70,78,50,5,510
SSC41493,4,0,0,0,33
SSC41494,0,0,0,0,7
SSC41495,197,147,82,55,1038
SSC41496,38,39,7,0,170
SSC41497,12,18,8,0,52
SSC41498,267,212,124,85,1528
SSC41499,199,127,95,27,1489
SSC41500,3,4,0,0,29
SSC41501,0,0,0,0,11
SSC41502,256,243,148,71,1389
SSC41503,43,17,7,0,170
SSC41504,5,0,0,0,21
SSC41505,0,0,0,0,0
SSC41506,0,0,0,0,3
SSC41507,0,3,0,0,13
SSC41508,0,0,0,0,3
SSC41509,5,3,0,0,14
SSC41510,0,0,0,0,7
SSC41511,7,0,0,0,42
SSC41512,0,0,0,0,9
SSC41513,9,3,3,0,64
SSC41514,18,6,3,0,78
SSC41515,3,3,0,4,29
SSC41516,8,4,0,0,29
SSC41517,0,0,0,0,4
SSC41518,10,3,0,0,33
SSC41519,8,4,0,0,61
SSC41520,3,0,0,0,20
SSC41521,9,10,0,0,67
SSC41522,0,0,0,0,3
SSC41523,17,11,9,4,120
SSC41524,437,306,158,90,2713
SSC41525,3,4,4,0,32
SSC41526,5,0,0,0,7
SSC41527,0,7,0,0,12
SSC41528,53,14,4,3,323
SSC41529,0,0,0,0,0
SSC41530,0,3,0,0,13
SSC41531,9,7,3,0,78
SSC41532,6,0,0,0,32
SSC41533,66,81,56,11,414
SSC41534,36,22,0,0,154
SSC41535,0,0,0,0,0
SSC41536,13,10,3,3,69
SSC41537,188,114,78,34,995
SSC41538,3,0,0,0,29
SSC41539,0,0,0,0,14
SSC41540,5,4,0,0,23
SSC41541,133,95,37,58,1136
SSC41542,7,8,0,0,19
SSC41543,0,0,0,0,0
SSC41544,12,15,5,0,49
SSC41545,3,3,0,0,30
SSC41546,64,24,19,4,411
SSC41547,21,15,7,0,95
SSC41548,13,32,6,0,92
SSC41549,3,3,0,0,16
SSC41550,393,316,163,69,2601
SSC41551,0,0,0,0,3
SSC41552,295,126,40,32,1905
SSC41553,94,35,18,11,785
SSC41554,543,565,268,101,2847
SSC41555,309,244,102,35,1559
SSC41556,3,0,0,0,5
SSC41557,56,21,14,10,451
SSC41558,3,0,0,0,5
SSC41559,246,159,58,111,1433
SSC41560,6,3,0,0,39
SSC41561,0,0,0,0,12
SSC41562,0,0,0,0,9
SSC41563,13,0,3,0,37
SSC41564,0,0,0,0,9
SSC41565,17,14,3,0,70
SSC41566,0,0,0,0,3
SSC41567,0,0,0,0,11
SSC41568,0,0,0,0,12
SSC41569,25,16,5,3,136
SSC41570,0,0,3,0,15
SSC41571,332,172,113,57,1788
SSC41572,0,0,0,0,0
SSC41573,78,43,44,8,870
SSC41574,353,239,158,40,2600
SSC41575,206,151,72,29,1220
SSC41576,401,304,189,43,2494
SSC41577,9,7,0,0,34
SSC41578,0,0,0,0,16
SSC41579,0,0,0,0,0
SSC41580,10,12,5,0,67
SSC41581,7,3,0,0,48
SSC41582,4,0,0,0,7
SSC41583,6,0,3,0,28
SSC41584,11,4,0,0,56
SSC41585,13,0,0,4,27
SSC41586,245,135,85,37,1430
SSC41587,0,3,0,0,3
SSC41588,234,139,42,21,1285
SSC41589,3,0,0,0,9
SSC41590,0,0,0,0,5
SSC41591,0,0,0,0,3
SSC41592,3,0,0,0,13
SSC41593,3,4,0,0,13
SSC41594,0,0,0,0,0
SSC41595,242,154,74,19,1159
SSC41596,15,7,3,0,79
SSC41597,58,23,5,0,213
SSC41598,24,17,3,4,165
SSC41599,53,36,18,3,247
SSC41600,10,3,0,0,52
SSC41601,323,226,126,33,2652
SSC41602,25,16,3,0,155
SSC41603,46,18,3,5,146
SSC41604,0,0,0,0,0
SSC41605,0,0,0,0,19
SSC41606,66,27,10,4,176
SSC41607,0,0,0,0,0
SSC41608,3,0,0,0,16
SSC41609,28,19,5,0,90
SSC41610,5,0,0,0,32
SSC41611,11,6,0,0,50
SSC41612,35,28,4,3,136
SSC41613,0,0,0,0,0
SSC41614,0,0,0,0,20
SSC41615,11,4,5,0,60
SSC41616,0,0,0,0,0
SSC41617,7,6,0,0,22
SSC41618,7,3,0,0,21
SSC41619,0,0,0,0,0
SSC41620,0,3,0,0,19
SSC41621,13,18,0,0,108
SSC41622,728,448,273,92,4904
SSC41623,44,46,9,8,295
SSC41624,5,0,0,0,34
SSC41625,0,0,0,0,10
SSC41626,15,12,4,0,74
SSC41627,224,166,60,24,1279
SSC41628,158,84,28,13,984
SSC41629,100,68,33,10,881
SSC41630,116,49,37,11,981
SSC41631,124,55,20,3,799
SSC41632,211,96,46,41,1489
SSC41633,183,101,54,28,1435
SSC41634,14,18,0,0,54
SSC41635,0,0,0,0,6
SSC41636,9,0,0,0,20
SSC41637,3,0,3,0,11
SSC41638,9,0,3,0,35
SSC41639,0,0,0,0,4
SSC41640,25,5,0,0,89
SSC41641,0,0,0,0,3
SSC41642,50,29,21,0,390
SSC41643,10,4,0,0,23
SSC41644,40,23,4,13,239
SSC41645,9,0,0,0,24
SSC41646,3,9,3,0,37
SSC41647,5,8,0,0,21
SSC41648,719,375,117,35,3709
SSC41649,4,8,5,0,41
SSC41650,12,14,0,0,59
SSC41651,43,27,16,8,339
SSC41652,0,0,0,0,3
SSC41653,4,3,0,0,99
SSC41654,3,3,0,0,40
SSC41655,0,0,0,0,3
SSC41656,0,0,0,0,3
SSC41657,0,0,0,0,0
SSC41658,6,0,0,0,19
SSC41659,108,85,39,18,400
SSC41660,0,0,0,0,9
SSC41661,0,0,0,0,7
SSC41662,0,0,0,0,0
SSC41663,3,0,0,0,12
SSC41664,24,18,7,0,124
SSC41665,0,0,0,0,6
SSC41666,34,27,7,3,165
SSC41667,3,3,0,0,24
SSC41668,0,0,0,0,0
SSC41669,3,0,0,0,6
SSC41670,3,0,0,4,8
SSC41671,8,6,3,0,43
SSC41672,3,0,0,0,11
SSC41673,81,47,24,3,355
SSC41674,35,15,5,0,82
SSC41675,0,0,0,0,0
SSC41676,0,0,0,0,21
SSC41677,0,0,0,0,0
SSC41678,19,9,0,0,78
SSC41679,0,3,5,0,32
SSC41680,3,0,0,0,8
SSC49494,247,159,30,10,1595
SSC49797,0,0,0,0,3
